SOURCE|NIVEAU|NUMERO|LIBELLE
NATIONAL|0|10|FRAIS TRAD
NATIONAL|0|20|FRAIS LS
NATIONAL|0|40|SEC LS
NATIONAL|0|50|TEXTILE
NATIONAL|0|60|BAZAR
NATIONAL|0|70|NON COMMERCIALE
NATIONAL|0|80|BOUTIQUES
NATIONAL|0|99|POUBELLE
NATIONAL|1|1002|BOUCHERIE / VOLAILLE TRAD
NATIONAL|1|1004|CHARCUTERIE TRAD
NATIONAL|1|1006|TRAITEUR TRAD
NATIONAL|1|1007|KIOSQUE
NATIONAL|1|1008|PRODUITS DE LA MER TRAD
NATIONAL|1|1010|FROMAGE TRAD
NATIONAL|1|1012|BOUL PAT TRAD
NATIONAL|1|2020|BOUCHERIE LS
NATIONAL|1|2022|BOUCHERIE FRAIS EMB.
NATIONAL|1|2024|VOLAILLE LS
NATIONAL|1|2026|CHARCUTERIE TRAITEUR LS
NATIONAL|1|2028|SAURISSERIE
NATIONAL|1|2030|CREMERIE LS
NATIONAL|1|2032|PAIN PAT LS INDUS
NATIONAL|1|2034|FRUITS ET LEGUMES
NATIONAL|1|2036|FLEURS ET PLANTES
NATIONAL|1|2037|PANIER ANTIGASPI FRAIS
NATIONAL|1|2038|SURGELES
NATIONAL|1|2039|DESTOCKAGE/ANIMATION FRAIS LS
NATIONAL|1|4040|EPICERIE SUCREE
NATIONAL|1|4042|EPICERIE SALEE
NATIONAL|1|4043|PANIER ANTIGASPI SEC
NATIONAL|1|4044|ALIMENTS POUR ANIMAUX
NATIONAL|1|4046|LIQUIDES
NATIONAL|1|4048|D.P.H.
NATIONAL|1|4049|DESTOCKAGE/ANIMATION SEC LS
NATIONAL|1|5050|TEXTILE
NATIONAL|1|5052|CORNER CA
NATIONAL|1|5054|CORNERS ACCESSOIRES BIJOUX
NATIONAL|1|5055|DESTOCKAGE TEXTILE
NATIONAL|1|5058|ANIMATION TEXTILE
NATIONAL|1|6060|BAZAR LEGER
NATIONAL|1|6062|BAZAR TECHNIQUE
NATIONAL|1|6064|PRODUITS CULTURELS
NATIONAL|1|6065|DESTOCKAGE BAZAR
NATIONAL|1|6066|PRESTATION DE SERVICE
NATIONAL|1|6068|ANIMATION BAZAR
NATIONAL|1|7070|NON COMMERCIALE
NATIONAL|1|8080|BOUTIQUE STATION
NATIONAL|1|8082|BOUTIQUE PRESSE
NATIONAL|1|8084|BOUTIQUE KIOSQUE D OR
NATIONAL|1|8086|BOUTIQUE BISTROT
NATIONAL|1|8088|BOUTIQUE SERVICES
NATIONAL|1|8090|BOUTIQUE RELAIS MOUSQUETAIRES
NATIONAL|1|8092|BOUTIQUE LOCATION
NATIONAL|1|8094|BOUTIQUE PARAPHARMACIE
NATIONAL|1|8096|BOUTIQUE FLEURS
NATIONAL|1|9999|POUBELLE
NATIONAL|2|10020200|VIANDE BOVINE TRAD
NATIONAL|2|10020202|VEAU TR
NATIONAL|2|10020204|VIANDE PORCINE TRAD
NATIONAL|2|10020206|VIANDE OVINE TRAD
NATIONAL|2|10020208|VIANDE CHEVALINE TRAD
NATIONAL|2|10020210|TRIPERIE / ABATS TRAD
NATIONAL|2|10020212|PRODUITS ELABORES TR
NATIONAL|2|10020213|GIBIER BOUCHERIE TR
NATIONAL|2|10020214|BOUCHERIE TR/FE PDV
NATIONAL|2|10020220|VIANDE BOVINE FE PDV
NATIONAL|2|10020222|VEAU FE PDV
NATIONAL|2|10020224|VIANDE PORCINE FE PDV
NATIONAL|2|10020226|VIANDE OVINE FE PDV
NATIONAL|2|10020228|VIANDE CHEVALINE FE PDV
NATIONAL|2|10020230|TRIPERIE/ABATS FE PDV
NATIONAL|2|10020232|PRODUITS ELABORES FE PDV
NATIONAL|2|10020240|VOLAILLES TR
NATIONAL|2|10020242|NON AFFECTE
NATIONAL|2|10020243|VOLAILLE TRAD/FE PDV
NATIONAL|2|10020244|VOLAILLE FE PDV
NATIONAL|2|10020246|VOLAILLE FE IND
NATIONAL|2|10040400|CHARCUTERIE TR
NATIONAL|2|10040402|CHARCUTERIE FE PDV
NATIONAL|2|10040404|CHARCUTERIE FE INDUSTRIEL
NATIONAL|2|10060600|TRAITEUR TRAD
NATIONAL|2|10060602|TRAITEUR CHAUD
NATIONAL|2|10060604|ROTISSERIE ET PIZZAS
NATIONAL|2|10060606|TRAITEUR FRAIS EMBALLE PDV
NATIONAL|2|10060608|TRAITEUR FRAIS EMBALLE INDUS
NATIONAL|2|10070700|SUSHI
NATIONAL|2|10070702|WOK
NATIONAL|2|10070704|FRAICH DECOUP PRESTA
NATIONAL|2|10070706|BURGER
NATIONAL|2|10070708|TEX MEX
NATIONAL|2|10080800|PRODUITS DE LA MER FE PDV
NATIONAL|2|10080802|PRODUITS DE LA MER  TRAD
NATIONAL|2|10080804|PR DE LA MER FRAIS EMBALLE
NATIONAL|2|10101000|FROMAGE COUPE
NATIONAL|2|10101002|FROMAGE FRAIS EMBALLE PDV
NATIONAL|2|10101004|FROMAGE FRAIS EMBALLE IND
NATIONAL|2|10121200|PAINS LS PDV
NATIONAL|2|10121202|VIENNOISERIE LS PDV
NATIONAL|2|10121204|PAINS BLANCS / BOULANGERIE TR
NATIONAL|2|10121206|NON AFFECTE
NATIONAL|2|10121208|VIENNOISERIE TRAD
NATIONAL|2|10121210|PATISSERIE GEL TRAD
NATIONAL|2|10121212|PATISSERIE FRAICHE TRAD
NATIONAL|2|10121214|PATISSERIE GEL LS PDV
NATIONAL|2|10121216|PATISSERIE FRAICHE EMB LS PDV
NATIONAL|2|10121218|SNACKING
NATIONAL|2|10121220|BOISSONS
NATIONAL|2|20202000|ELABORES SAUCISSERIE LS
NATIONAL|2|20202002|STEACK HACHES LS
NATIONAL|2|20202004|UVC 21
NATIONAL|2|20222200|BOEUF FE IND
NATIONAL|2|20222202|VEAU FE IND
NATIONAL|2|20222204|PORC FE IND
NATIONAL|2|20222206|AGNEAU / MOUTON FE IND
NATIONAL|2|20222208|CHEVAL FE PDV
NATIONAL|2|20222210|TRIPERIE / ABATS FE IND
NATIONAL|2|20222212|ALIMENTATION POUR ANIMAUX
NATIONAL|2|20242400|VOLAILLES LS
NATIONAL|2|20262600|CHARCUTERIE LS ET SALAISON
NATIONAL|2|20262601|VRAC CHARCUTERIE
NATIONAL|2|20262602|CHARCUTERIE TRANCHEE AMBIANTE
NATIONAL|2|20262603|SAUCISSONS SAUCISSES SECHES
NATIONAL|2|20262604|TRAITEUR LS
NATIONAL|2|20262606|NON AFFECTE
NATIONAL|2|20282800|TRAITEUR DE LA MER LS IND
NATIONAL|2|20282802|VRAC TRAITEUR DE LA MER
NATIONAL|2|20303000|ULTRA FRAIS
NATIONAL|2|20303001|JUS ET BOISSONS FRAIS
NATIONAL|2|20303002|FROMAGE LS
NATIONAL|2|20303003|VRAC FROMAGE
NATIONAL|2|20303004|NON AFFECTE
NATIONAL|2|20303006|BEURRE LS
NATIONAL|2|20303008|MARGARINE/PATE A TARTINER
NATIONAL|2|20303009|VRAC CORPS GRAS
NATIONAL|2|20303010|CREMERIE FRAICHE
NATIONAL|2|20303011|VRAC LAIT
NATIONAL|2|20303012|LAIT LS
NATIONAL|2|20303013|CREMES UHT
NATIONAL|2|20303014|OEUFS
NATIONAL|2|20303015|VRAC OEUFS
NATIONAL|2|20303016|VRAC ULTRA FRAIS
NATIONAL|2|20303018|VRAC JUS ET BOISSONS FRAIS
NATIONAL|2|20323200|PAIN DE MIE ET ASSIMILES
NATIONAL|2|20323202|PATISSERIE LS TRADITIONNELLE
NATIONAL|2|20323203|PATISSERIE LS ELABOREE
NATIONAL|2|20323204|VIENNOISERIE LS INDUS
NATIONAL|2|20323206|PRODUITS POUR GARNIR
NATIONAL|2|20343400|FRUITS FRAIS
NATIONAL|2|20343402|LEGUMES FRAIS
NATIONAL|2|20343404|F/L FRAIS EMBALLE
NATIONAL|2|20343405|FRAICHE DECOUPE PDV
NATIONAL|2|20343406|F/L LONGUE CONSERVATION
NATIONAL|2|20343407|NON AFFECTE
NATIONAL|2|20343408|F/L RAYON REFRIGERE
NATIONAL|2|20343410|F/L RAYON REFRIGERE DLC COURTE
NATIONAL|2|20363600|FLEURS COUPEES
NATIONAL|2|20363602|PLANTES D INTERIEUR
NATIONAL|2|20363604|PLANTES D EXTERIEUR
NATIONAL|2|20373700|PANIER ANTIGASPI FRAIS
NATIONAL|2|20383800|SURGELES TRAITEUR
NATIONAL|2|20383802|SURGELES POISSONS
NATIONAL|2|20383804|SURGELES VIANDE
NATIONAL|2|20383806|SURGELES LEGUMES
NATIONAL|2|20383808|SURGELES SUCRE
NATIONAL|2|20383810|VRAC SURGELES PRODUITS BRUTS
NATIONAL|2|20383812|VRAC SURGELES TRAITEUR
NATIONAL|2|20383814|VRAC SURGELES SUCRES
NATIONAL|2|20393900|DESTOCKAGE FRAIS LS
NATIONAL|2|20393902|ANIMATION FRAIS LS
NATIONAL|2|40404000|BISCOTTES ET PAINS GRILLES
NATIONAL|2|40404002|BISCUITERIE
NATIONAL|2|40404004|CAFES / CHICOREE
NATIONAL|2|40404006|PETIT DEJEUNER/CACAO/CHOCOLAT
NATIONAL|2|40404008|CEREALES ET BARRES CEREALIERES
NATIONAL|2|40404010|THE & INFUSIONS
NATIONAL|2|40404012|CHOCOLATS TABLETTE
NATIONAL|2|40404013|DEVANT DE CAISSE (DDC)
NATIONAL|2|40404014|CONFISERIE DE CHOCOLAT
NATIONAL|2|40404015|CONFISERIE DE SUCRE
NATIONAL|2|40404016|CONFISERIES CHOCOLATS NOEL
NATIONAL|2|40404018|CONFISERIE CHOCOLAT PAQUES
NATIONAL|2|40404020|AIDE PATISSERIE DESSERT
NATIONAL|2|40404022|LAITS BOITES ET TUBES
NATIONAL|2|40404024|SUCRES
NATIONAL|2|40404026|CONFIT-COMPOTE FRUITS AU SIROP
NATIONAL|2|40404028|ALIMENTATION POUR BEBE
NATIONAL|2|40404029|VRAC ALIMENTATION INFANTILE
NATIONAL|2|40404030|BIO
NATIONAL|2|40404032|DIETETIQUE
NATIONAL|2|40404034|EPICERIE FINE
NATIONAL|2|40404036|VRAC BIO SPECIALISTE
NATIONAL|2|40404038|VRAC UNIVERS PETIT DEJEUNER
NATIONAL|2|40404040|VRAC UNIVERS BOISSONS CHAUDES
NATIONAL|2|40404042|VRAC UNIVERS CONFISERIE
NATIONAL|2|40404044|VRAC UNIVERS GOUTER
NATIONAL|2|40404046|VRAC UNIVERS DESSERT
NATIONAL|2|40424200|PRODUITS DU MONDE
NATIONAL|2|40424202|FARINE/FECULE/SEMOULE/TAPIOCA
NATIONAL|2|40424204|PATES ALIMENTAIRES
NATIONAL|2|40424206|RIZ PUREE COUSCOUS  LEG SEC
NATIONAL|2|40424208|POTAGES
NATIONAL|2|40424209|SAUCES PATES ET RIZ / COULIS
NATIONAL|2|40424210|CONDIMENTS ET SAUCES FROIDES
NATIONAL|2|40424211|SOLUTION CULINAIRE
NATIONAL|2|40424212|EPICES ET POIVRES
NATIONAL|2|40424214|SELS
NATIONAL|2|40424216|HUILES
NATIONAL|2|40424218|VINAIGRES
NATIONAL|2|40424219|SAUCE SALADE/JUS DE CITRON
NATIONAL|2|40424220|CONSERVES DE LEGUMES
NATIONAL|2|40424222|CONSERVES DE POISSONS
NATIONAL|2|40424224|CONSERVES DE VIANDES
NATIONAL|2|40424226|PLATS CUISINES ET A PREPARER
NATIONAL|2|40424228|PRODUITS SALES APERITIFS
NATIONAL|2|40424230|CHIPS
NATIONAL|2|40424232|NON AFFECTE
NATIONAL|2|40424234|VRAC UNIVERS FECULENTS
NATIONAL|2|40424236|VRAC UNIVERS PSA
NATIONAL|2|40424238|VRAC UNIVERS ASSAISONNEMENTS
NATIONAL|2|40434300|PANIER ANTIGASPI SEC
NATIONAL|2|40444400|ALIMENTS POUR CHIENS
NATIONAL|2|40444402|ALIMENTS POUR CHATS
NATIONAL|2|40444404|ALIMENTS POUR RONGEURS
NATIONAL|2|40444406|ALIMENTS POUR OISEAUX
NATIONAL|2|40444408|ALIMENTS POUR BASSE COUR
NATIONAL|2|40444410|ALIMENTS POUR POISSONS
NATIONAL|2|40444412|LITIERES
NATIONAL|2|40444414|ACCESSOIRES CHIENS
NATIONAL|2|40444416|ACCESSOIRES CHATS
NATIONAL|2|40444418|ACCESSOIRES AUTRES ANIMAUX
NATIONAL|2|40444420|VRAC PRODUITS ANIMAUX
NATIONAL|2|40464600|BOISSONS GAZEUSES ET PLATES
NATIONAL|2|40464601|JUS DE FRUITS
NATIONAL|2|40464602|BIERES ET CIDRES
NATIONAL|2|40464603|SIROPS ET CONCENTRES
NATIONAL|2|40464604|EAUX MINERALES / SOURCES
NATIONAL|2|40464605|BOISSON AROMATISEE
NATIONAL|2|40464606|VINS DE TABLE
NATIONAL|2|40464607|VIN DE PAYS
NATIONAL|2|40464608|VINS SUPERIEURS ET VINS FINS
NATIONAL|2|40464609|FONTAINE A VIN
NATIONAL|2|40464610|MOUSSEUX & PETILLANTS
NATIONAL|2|40464612|CHAMPAGNES
NATIONAL|2|40464614|FOIRE AUX VINS
NATIONAL|2|40464616|APERITIFS ALCOOLS
NATIONAL|2|40464618|APERITIF / VIN DOUX
NATIONAL|2|40464620|APERITIFS SANS ALCOOL
NATIONAL|2|40464622|EAU DE VIE/WHISKY/LIQU/ALC BLC
NATIONAL|2|40464624|VRAC BOISSON NON ALCOLLISEE
NATIONAL|2|40464625|VRAC BIERE ET CIDRE
NATIONAL|2|40464626|VRAC VINS
NATIONAL|2|40464628|VRAC ALCOOLS
NATIONAL|2|40484800|LAVAGE DU LINGE
NATIONAL|2|40484802|ENTRETIEN
NATIONAL|2|40484803|VRAC PRODUIT ENTRETIEN SOLIDE
NATIONAL|2|40484804|EMBALLAGES / EPONGES
NATIONAL|2|40484805|VRAC PRODUIT ENTRETIEN LIQUIDE
NATIONAL|2|40484806|HYGIENE FEMININE
NATIONAL|2|40484807|VRAC HYGIENE INTIME
NATIONAL|2|40484808|HYGIENE DU BEBE
NATIONAL|2|40484809|PAPIERS HYGIENIQUES
NATIONAL|2|40484810|MOUCHOIRS
NATIONAL|2|40484812|HYGIENE CORPORELLE HORS HOMME
NATIONAL|2|40484813|CAPILLAIRE HORS HOMME
NATIONAL|2|40484814|COTON
NATIONAL|2|40484816|BEAUTE
NATIONAL|2|40484817|ACCESS. COIFFANTS / TOILETTES
NATIONAL|2|40484818|MAQUILLAGE
NATIONAL|2|40484820|DENTAIRE
NATIONAL|2|40484822|RASAGE FEMININ ET DEPILATOIRE
NATIONAL|2|40484824|EDT/EDC FEMMES ENFANTS
NATIONAL|2|40484826|HOMME
NATIONAL|2|40484828|PARAPHARMACIE
NATIONAL|2|40484830|VRAC HYGIENE BEAUTE LIQUIDE
NATIONAL|2|40484831|VRAC HYGIENE BEAUTE SOLIDE
NATIONAL|2|40484832|BIO PARFUMERIE
NATIONAL|2|40494900|DESTOCKAGE SEC LS
NATIONAL|2|40494902|ANIMATION SEC LS
NATIONAL|2|50505000|CHAUSSANT BEBE
NATIONAL|2|50505002|CHAUSSANT ENFANT
NATIONAL|2|50505004|CHAUSSANT FEMME
NATIONAL|2|50505006|CHAUSSANT HOMME
NATIONAL|2|50505008|MERCERIE
NATIONAL|2|50505010|SEMELLE & ACC CHAUSSANT
NATIONAL|2|50505012|ACCESSOIRES TEXTILE
NATIONAL|2|50505013|HORLOGERIE BIJOUTERIE
NATIONAL|2|50505014|PETITE PUERICULTURE
NATIONAL|2|50505016|GROSSE PUERICULTURE
NATIONAL|2|50505018|SOUS VETEMENTS
NATIONAL|2|50505020|COLLANTS / MI-BAS
NATIONAL|2|50505022|CHAUSSETTES/COLLANTS
NATIONAL|2|50505024|CONFEC LAYETTE FILLE/MIXTE
NATIONAL|2|50505025|CONFECTION LAYETTE GARCON
NATIONAL|2|50505026|CONFECTION ENF FILLE/MIXTE
NATIONAL|2|50505027|CONFECTION JUNIOR FILLE/MIXTE
NATIONAL|2|50505028|CONFECTION ENFANT GARCON
NATIONAL|2|50505029|CONFECTION JUNIOR GARCON
NATIONAL|2|50505030|CONFECTION FEMME
NATIONAL|2|50505031|CONFECTION FEMME GRANDE TAILLE
NATIONAL|2|50505032|CONFECTION HOMME
NATIONAL|2|50505033|CONFECTION HOMME GRANDE TAILLE
NATIONAL|2|50505034|LINGE DE LIT
NATIONAL|2|50505036|LINGE D'OFFICE
NATIONAL|2|50505038|LINGE EPONGE
NATIONAL|2|50525200|ACCESSOIRES ADULTE
NATIONAL|2|50525202|ACCESSOIRES ENFANT
NATIONAL|2|50525204|BAIN
NATIONAL|2|50525206|CHAUSSETTES ENFANT
NATIONAL|2|50525208|CHAUSSETTES ADULTE
NATIONAL|2|50525210|DENIM ADULTE
NATIONAL|2|50525212|GROSSE CONFECTION ADULTE
NATIONAL|2|50525214|BEBE
NATIONAL|2|50525216|LINGE DE NUIT
NATIONAL|2|50525218|VETEMENTS ENFANT
NATIONAL|2|50525220|VETEMENTS FEMME
NATIONAL|2|50525222|VETEMENTS HOMME
NATIONAL|2|50525224|GROSSE CONFECTION ENFANT
NATIONAL|2|50545400|CORNER CLAIRE S
NATIONAL|2|50545402|CORNER RAND
NATIONAL|2|50555500|DESTOCKAGE TEXTILE
NATIONAL|2|50585800|ANIMATION TEXTILE
NATIONAL|2|60606000|AMEUBLEMENT ET MOBILIER
NATIONAL|2|60606001|CADRES ET ALBUMS/ACCESS. DECO
NATIONAL|2|60606002|ECLAIRAGE
NATIONAL|2|60606003|AMPOULES
NATIONAL|2|60606004|CARBURANT ET COMBUSTIBLE
NATIONAL|2|60606005|PILES
NATIONAL|2|60606006|BRICOLAGE
NATIONAL|2|60606007|VRAC PILES
NATIONAL|2|60606008|DROGUERIE
NATIONAL|2|60606009|VRAC AMPOULES
NATIONAL|2|60606010|PEINTURES ET ACCESSOIRES
NATIONAL|2|60606011|VRAC CARBURANT ET COMBUSTIBLE
NATIONAL|2|60606012|JARDINAGE
NATIONAL|2|60606014|NON AFFECTE
NATIONAL|2|60606016|PLEIN AIR - CAMPING
NATIONAL|2|60606018|JOUETS PLEIN AIR
NATIONAL|2|60606020|VAISSELLE-VERRERIE-COUVERTS
NATIONAL|2|60606021|CONSERVERIE
NATIONAL|2|60606022|VAISSELLE A JETER
NATIONAL|2|60606023|VRAC CONTENANTS
NATIONAL|2|60606024|FILTRES A CAFE/ACCESSOIRES
NATIONAL|2|60606026|ACCESSOIRE / GADGET DE CUISINE
NATIONAL|2|60606027|TOILE CIREE
NATIONAL|2|60606028|BOUGIE ENCENS BRIQUETS
NATIONAL|2|60606029|VRAC BOUGIES ENCENS BRIQUETS
NATIONAL|2|60606030|CUISSON
NATIONAL|2|60606031|PATISSERIE
NATIONAL|2|60606032|NON AFFECTE
NATIONAL|2|60606034|BROSSERIE/GANTS/TAPIS
NATIONAL|2|60606036|SECHANT / REPASSANT
NATIONAL|2|60606038|PLASTIQUE
NATIONAL|2|60606040|NON AFFECTE
NATIONAL|2|60606042|JOUETS
NATIONAL|2|60606044|DECORATION DE NOEL
NATIONAL|2|60606046|MAROQUINERIE / BAGAGE
NATIONAL|2|60606048|SPORTS/EQUIPEMENT SPORTIF
NATIONAL|2|60606050|EQUIPEMENT ACC AUTO
NATIONAL|2|60606052|LUBRIFIANTS
NATIONAL|2|60606054|CYCLOMOTEUR / MOTO
NATIONAL|2|60606056|NON AFFECTE
NATIONAL|2|60606058|NON AFFECTE
NATIONAL|2|60606060|NON AFFECTE
NATIONAL|2|60606061|NON AFFECTE
NATIONAL|2|60606062|NON AFFECTE
NATIONAL|2|60606064|NON AFFECTE
NATIONAL|2|60606066|ECRIRE COLLER CORRIGER
NATIONAL|2|60606068|PAPIERS
NATIONAL|2|60606070|CLASSEMENT
NATIONAL|2|60606072|CALCULATRICES
NATIONAL|2|60606074|LOISIRS CREATIFS
NATIONAL|2|60606076|CONDITIONNEMENT CADEAUX
NATIONAL|2|60606078|CARTERIES
NATIONAL|2|60626200|PETIT DEJEUNER
NATIONAL|2|60626202|PREPARATION CULINAIRE
NATIONAL|2|60626204|CUISSON PEM
NATIONAL|2|60626205|SACS ET ACC PEM
NATIONAL|2|60626206|ENTRETIEN DU LINGE
NATIONAL|2|60626207|EAU ET BOISSON
NATIONAL|2|60626208|ENTRETIEN DES SOLS
NATIONAL|2|60626209|TRAITEMENT DE L AIR
NATIONAL|2|60626210|BEAUTE / BIEN ETRE
NATIONAL|2|60626211|FROID
NATIONAL|2|60626212|LAVAGE
NATIONAL|2|60626213|CUISSON
NATIONAL|2|60626214|SON
NATIONAL|2|60626216|IMAGE
NATIONAL|2|60626217|ACC IMAGE & SON
NATIONAL|2|60626218|RECEPTION/TRANSMISSION
NATIONAL|2|60626219|ALARMES
NATIONAL|2|60626220|STOCKAGES INFORMATIQUES
NATIONAL|2|60626222|NOMADES
NATIONAL|2|60626224|ORDINATEURS
NATIONAL|2|60626226|IMPRESSION / SCANNER
NATIONAL|2|60626228|ACCESSOIRES INFORMATIQUES
NATIONAL|2|60626230|CONSOMMABLES INFORMATIQUES
NATIONAL|2|60626232|TELEPHONIE
NATIONAL|2|60626234|APPAREILS & ACCESSOIRES PHOTO
NATIONAL|2|60626236|FILMS ET PAP
NATIONAL|2|60626238|DEPLACEMENTS
NATIONAL|2|60626240|MAIN D'OEUVRE
NATIONAL|2|60626242|PIECES
NATIONAL|2|60626244|EXTENTION GARANTIE
NATIONAL|2|60646400|LITTERATURE
NATIONAL|2|60646402|DICO & PARA SCOLAIRE
NATIONAL|2|60646404|BANDES DESSINEES
NATIONAL|2|60646406|LIVRES DE POCHE
NATIONAL|2|60646408|TOURISME
NATIONAL|2|60646410|VIE PRATIQUE
NATIONAL|2|60646412|ACTIVIITE COLORIAGE
NATIONAL|2|60646413|ALBUMS JEUNESSE
NATIONAL|2|60646414|CD 2 TITRES
NATIONAL|2|60646416|CD
NATIONAL|2|60646418|DVD
NATIONAL|2|60646420|DVD PORNOGRAPHIQUE & VIOLENT
NATIONAL|2|60646422|CONSOLES
NATIONAL|2|60646424|JEUX CONSOLES
NATIONAL|2|60646426|CD ROM
NATIONAL|2|60646428|ACCESSOIRES DE JEUX
NATIONAL|2|60646430|JOURNAUX PRESSE EXO
NATIONAL|2|60656500|DESTOCKAGE BAZAR
NATIONAL|2|60666600|LIVRAISON
NATIONAL|2|60666602|PREPARATION DE COMMANDE
NATIONAL|2|60666604|SACHERIE A VENDRE
NATIONAL|2|60666606|LOCATION DE MATERIEL
NATIONAL|2|60666607|CARTE KDO PRO NAT ET LOCAL
NATIONAL|2|60666608|CARTE KDO CLIENT
NATIONAL|2|60666609|BILLETERIE
NATIONAL|2|60666610|CARTES CADEAUX
NATIONAL|2|60666612|COFFRETS CADEAUX
NATIONAL|2|60666614|ABONNEMENTS
NATIONAL|2|60666616|PRE TIMBRE
NATIONAL|2|60666618|TIMBRE POSTE
NATIONAL|2|60666619|LA POSTE RELAIS
NATIONAL|2|60666620|DEVELOPPEMENT PHOTO
NATIONAL|2|60666622|RECHARGES TELEPHONIQUES
NATIONAL|2|60666624|CARTES TELEPHONIQUES
NATIONAL|2|60666626|FID PLAN DE RECRUTEMENT LOCAL
NATIONAL|2|60666628|BORNE DE RECHARGE ELECTRIQUE
NATIONAL|2|60686800|ANIMATION BAZAR
NATIONAL|2|70700191|DECONSIGNES
NATIONAL|2|70700192|CONSIGNES
NATIONAL|2|70707000|CEM
NATIONAL|2|80808000|NON AFFECTE
NATIONAL|2|80808002|NON AFFECTE
NATIONAL|2|80808003|NON AFFECTE
NATIONAL|2|80808004|GPLC
NATIONAL|2|80808006|GASOIL
NATIONAL|2|80808008|NON AFFECTE
NATIONAL|2|80808009|GOPR GASOIL PRENIUM
NATIONAL|2|80808010|SANS PLOMB 95
NATIONAL|2|80808011|SANS PLOMB 95 E-10
NATIONAL|2|80808012|SANS PLOMB 98
NATIONAL|2|80808013|SUPER ETHANOL 85
NATIONAL|2|80808014|COMBUSTIBLE DE CHAUFFAGE
NATIONAL|2|80808015|FIOUL DOMESTIQUE
NATIONAL|2|80808016|ADBLUE POMPE
NATIONAL|2|80808017|GASOIL NON ROUTIER
NATIONAL|2|80808018|LAVAGE ROULEAUX
NATIONAL|2|80808020|LAVAGE HAUTE PRESSION
NATIONAL|2|80808021|LAVAGE JETON
NATIONAL|2|80808022|ASPIRATEUR
NATIONAL|2|80808023|VENTE BOUTIQUE TAUX REDUIT
NATIONAL|2|80808024|VTE BOUTIQUE TX INTERMEDIAIRE
NATIONAL|2|80808025|VENTE BOUTIQUE TAUX NORMAL
NATIONAL|2|80808026|ADDITIFS
NATIONAL|2|80808028|ADBLUE BIDONS
NATIONAL|2|80808030|BORNE DE RECHARGE ELECTRIQUE
NATIONAL|2|80808050|DIVERS GAZ
NATIONAL|2|80808052|BOUTEILLE 5-6 KG PROPANE
NATIONAL|2|80808054|BOUTEILLE 5-6 KG BUTANE
NATIONAL|2|80808056|BOUTEILLE 9-10 KG PROPANE
NATIONAL|2|80808058|BOUTEILLE 9-10 KG BUTANE
NATIONAL|2|80808060|BOUTEILLE 13 KG PROPANE
NATIONAL|2|80808062|BOUTEILLE 13 KG BUTANE
NATIONAL|2|80808064|BOUTEILLE 35 KG PROPANE
NATIONAL|2|80808066|NON AFFECTE
NATIONAL|2|80828200|PRESSE
NATIONAL|2|80828202|AUDIO
NATIONAL|2|80828204|VIDEO
NATIONAL|2|80828206|TIMBRE POSTE
NATIONAL|2|80828208|TABAC
NATIONAL|2|80828210|PRESSE CARTE TELEPHONIQUE
NATIONAL|2|80828212|PRESSE CARTERIE
NATIONAL|2|80828214|PRESSE - PAPETERIE
NATIONAL|2|80828216|PRESSE - LIVRE
NATIONAL|2|80828218|GRATTAGE JEUX
NATIONAL|2|80828220|REMBOURSSEMENT GRATTAGE JEUX
NATIONAL|2|80828222|LOTO
NATIONAL|2|80828224|REMBOURSSEMENT LOTO
NATIONAL|2|80828226|PMU
NATIONAL|2|80828228|REMBOURSEMENT PMU
NATIONAL|2|80848400|KIOSQUE D OR
NATIONAL|2|80868600|SOLIDE A EMPORTER
NATIONAL|2|80868602|SOLIDE / PLACE
NATIONAL|2|80868604|LIQUIDE A EMPORTER
NATIONAL|2|80868606|LIQUIDE / PLACE
NATIONAL|2|80888800|SERVICE CLEFS
NATIONAL|2|80888801|SERVICE CORDONNERIE
NATIONAL|2|80888802|SERVICE CARTE DE VISITE
NATIONAL|2|80888804|SERVICE DEVELT PHOTO
NATIONAL|2|80888806|SERVICE PHOTO IDENTITE
NATIONAL|2|80888808|SERVICE PHOTOCOPIE
NATIONAL|2|80888810|SERVICE LOC VIDEO
NATIONAL|2|80888812|SERVICE PRESSING
NATIONAL|2|80888814|SERVICE LAVERIE AUTO
NATIONAL|2|80888816|SERVICE CARTE DE TRANSPORT
NATIONAL|2|80888818|SERVICE MANEGE
NATIONAL|2|80888820|SERV DISTRIBUTEUR BOISSON
NATIONAL|2|80888822|SERV DISTRIBUTEUR SNACK
NATIONAL|2|80909000|RDM BOUCHERIE LS
NATIONAL|2|80909002|RDM CHARCUTERIE LS
NATIONAL|2|80909004|RDM CHARCUTERIE TRAD
NATIONAL|2|80909006|RDM VOLAILLE LS
NATIONAL|2|80909008|RDM CREMERIE LS
NATIONAL|2|80909010|RDM FROMAGE COUPE
NATIONAL|2|80909012|RDM PATISSERIE LS
NATIONAL|2|80909013|RDM BOULANGERIE LS
NATIONAL|2|80909014|RDM FRUITS ET LEGUMES
NATIONAL|2|80909015|RDM PLANTES
NATIONAL|2|80909016|RDM SAURISSERIE
NATIONAL|2|80909018|RDM SURGELE
NATIONAL|2|80909020|RDM EPICERIE
NATIONAL|2|80909022|RDM B.N.A.
NATIONAL|2|80909024|RDM ALCOOL / VIN /CHAMPAGNE
NATIONAL|2|80909026|RDM D.P.H.
NATIONAL|2|80909028|RDM MG
NATIONAL|2|80909029|RDM PRESSE
NATIONAL|2|80909030|RDM PRESTAT SERVICE
NATIONAL|2|80929200|VEHICULE 7 M3
NATIONAL|2|80929201|VEHICULE 2/3 M3
NATIONAL|2|80929202|VEHICULE 12 M3
NATIONAL|2|80929203|VEHICULE 15 / 17 M3
NATIONAL|2|80929204|VEHICULE 20 M3
NATIONAL|2|80929205|CAMION BENNE
NATIONAL|2|80929206|KIT/ ACCESSOIRE DEMENAGEMENT
NATIONAL|2|80929207|UTILITAIRE RACHAT DE FRANCHISE
NATIONAL|2|80929208|VEHICULE PARTICULIER
NATIONAL|2|80929209|PART. RACHAT DE FRANCHISE
NATIONAL|2|80929210|LOCATION LONGUE DUREE
NATIONAL|2|80929212|OPTIONS LLD
NATIONAL|2|80929214|LLD RACHAT DE FRANCHISE
NATIONAL|2|80929216|VEHICULE 20 M 3 HAYON
NATIONAL|2|80929218|CAMION FRIGO
NATIONAL|2|80929220|DIVERS VEHICULES UTILITAIRES
NATIONAL|2|80929222|VEHICULE PARTICULIER ECO
NATIONAL|2|80929224|VEHICULE PARTICULIER TOURISME
NATIONAL|2|80929226|VEHICULE PARTICULIER 7 PLACES
NATIONAL|2|80929228|VEHICULE PARTICULIER 9 PLACES
NATIONAL|2|80929230|VEHICULE PARTICULIER FUN
NATIONAL|2|80929232|VEHICULE PARTICULIER ELEC
NATIONAL|2|80929234|LLD GARANTIE CONDUCTEUR
NATIONAL|2|80929260|MATERIEL CULINAIRE
NATIONAL|2|80929262|MATERIEL FESTIF
NATIONAL|2|80929264|MATERIEL SON ET IMAGE
NATIONAL|2|80929266|MATERIEL PUERICULTURE
NATIONAL|2|80929268|MATERIEL BRICOLAGE
NATIONAL|2|80929270|MATERIEL FAMILIAL
NATIONAL|2|80929272|AUTRES MATERIELS
NATIONAL|2|80949400|SAVON DE TOILETTE
NATIONAL|2|80949402|BAIN DOUCHE
NATIONAL|2|80949404|SOINS BEAUTE DE LA CHEVELURE
NATIONAL|2|80949406|SOINS HOMME
NATIONAL|2|80949408|SOINS DES DENTS
NATIONAL|2|80949410|DEODORANTS
NATIONAL|2|80949412|DEPILATOIRES / DECOLORANTS
NATIONAL|2|80949414|ANTI PARASITAIRES
NATIONAL|2|80949416|PRODUITS 1ER SECOURS
NATIONAL|2|80949418|HYGIENE ORL
NATIONAL|2|80949420|ACCESSOIRES
NATIONAL|2|80949422|PRODUITS SOLAIRES
NATIONAL|2|80949424|PRODUITS DE BEAUTE ET SOINS
NATIONAL|2|80949426|DEMAQUILLANTS ET DISSOLVANTS
NATIONAL|2|80949428|EAUX DE TOILETTE
NATIONAL|2|80949430|MAQUILLAGE
NATIONAL|2|80949432|SOINS ESTHETIQUES
NATIONAL|2|80949434|HYGIENE DU BEBE
NATIONAL|2|80949436|HYGIENE INTIME
NATIONAL|2|80949438|BIBERONNERIE
NATIONAL|2|80949440|REPAS PUERI
NATIONAL|2|80949442|PHYTO
NATIONAL|2|80949444|ASSAINISSANTS
NATIONAL|2|80949446|PRODUITS NATURELS
NATIONAL|2|80949448|COMPLEMENTS ALIMENTAIRES
NATIONAL|2|80949450|PRODUITS POUR LE SPORT
NATIONAL|2|80949452|DIETETIQUES
NATIONAL|2|80949454|APPAREILS DE MESURE
NATIONAL|2|80949456|CHIENS
NATIONAL|2|80949458|CHATS
NATIONAL|2|80949460|AUTRES ANIMAUX
NATIONAL|2|80969600|FLEURS COUPEES
NATIONAL|2|80969602|PLANTES
NATIONAL|2|80969604|FLEURS ARTIFICIELLES
NATIONAL|2|80969606|ACCESSOIRES
NATIONAL|2|99999999|POUBELLE
CUSTOM|3|100202000001|VIANDE BOVINE LAIT/STD TRAD
CUSTOM|3|100202000002|VIANDE BOVINE TRAD
CUSTOM|3|100202000003|VIANDE BOVINE IMPORT TRAD
CUSTOM|3|100202000004|VIANDE BOVINE BIOLOGIQUE TRAD
CUSTOM|3|100202020001|VEAU LAIT/STD TRAD
CUSTOM|3|100202020002|VEAU VIANDE/LABEL TRAD
CUSTOM|3|100202020003|VEAU BIOLOGIQUE TRAD
CUSTOM|3|100202040001|PORC STANDARD TRAD
CUSTOM|3|100202040002|PORC LABEL TRAD
CUSTOM|3|100202040003|PORC IMPORT TRAD
CUSTOM|3|100202040004|PORC BIOLOGIQUE TRAD
CUSTOM|3|100202060001|AGNEAU Francais TRAD
CUSTOM|3|100202060002|AGNEAU UE TRAD
CUSTOM|3|100202060003|AGNEAU TIERS TRAD
CUSTOM|3|100202060004|AGNEAU BIOLOGIQUE TRAD
CUSTOM|3|100202060005|MOUTON TRAD
CUSTOM|3|100202080001|VIANDE CHEVALINE TRAD
CUSTOM|3|100202100001|TRIPERIE / ABATS BOVINE TRAD
CUSTOM|3|100202100002|TRIPERIE / ABATS VEAU TRAD
CUSTOM|3|100202100003|TRIPERIE / ABATS OVINE TRAD
CUSTOM|3|100202100004|TRIPERIE / ABATS PORCINE TRAD
CUSTOM|3|100202120001|PRODUITS ELABORES TR
CUSTOM|3|100202130001|GIBIER BOUCHERIE TR
CUSTOM|3|100202140001|BOUCHERIE TR/FE PDV
CUSTOM|3|100202200001|VIANDE BOVINE LAIT/STD FE PDV
CUSTOM|3|100202200002|VIANDE BOVINE VIANDE FE PDV
CUSTOM|3|100202200003|VIANDE BOVINE IMPORT FE PDV
CUSTOM|3|100202200004|VIANDE BOVINE BIO FE PDV
CUSTOM|3|100202220001|VEAU LAIT/STD FE PDV
CUSTOM|3|100202220002|VEAU VIANDE/LABEL FE PDV
CUSTOM|3|100202220003|VEAU BIO FE PDV
CUSTOM|3|100202240001|PORC STANDARD FE PDV
CUSTOM|3|100202240002|PORC LABEL FE PDV
CUSTOM|3|100202240003|PORC IMPORT FE PDV
CUSTOM|3|100202240004|PORC BIO FE PDV
CUSTOM|3|100202260001|AGNEAU Francais FE PDV
CUSTOM|3|100202260002|AGNEAU UE FE PDV
CUSTOM|3|100202260003|AGNEAU TIERS FE PDV
CUSTOM|3|100202260004|AGNEAU BIO FE PDV
CUSTOM|3|100202260005|MOUTON FE PDV
CUSTOM|3|100202280001|VIANDE CHEVALINE FE PDV
CUSTOM|3|100202300001|TRIPERIE/ABATS BOVINE FE PDV
CUSTOM|3|100202300002|TRIPERIE/ABATS VEAU FE PDV
CUSTOM|3|100202300003|TRIPERIE/ABATS OVINE FE PDV
CUSTOM|3|100202300004|TRIPERIE/ABATS PORCINE FE PDV
CUSTOM|3|100202320001|PRODUITS ELABORES FE PDV
CUSTOM|3|100202400001|PIECE ENTIERE
CUSTOM|3|100202400002|DECOUPE DE POULET
CUSTOM|3|100202400003|DECOUPE DE DINDE
CUSTOM|3|100202400004|AUTRES DECOUPES
CUSTOM|3|100202420001|NON AFFECTE
CUSTOM|3|100202420002|NON AFFECTE
CUSTOM|3|100202430001|VOLAILLE TRAD/FE PDV
CUSTOM|3|100202440001|VOLAILLE FE PDV
CUSTOM|3|100202460001|VOLAILLE FE IND
CUSTOM|3|100404000001|JAMBON CUIT
CUSTOM|3|100404000002|JAMBON SEC
CUSTOM|3|100404000003|SAUCISSON SEC A TRANCHER
CUSTOM|3|100404000004|SAUCISSON CUIT
CUSTOM|3|100404000005|PATES ET MOUSSES
CUSTOM|3|100404000006|SALE FUME
CUSTOM|3|100404000007|SAUCISSE CUITE
CUSTOM|3|100404000008|BOUDIN
CUSTOM|3|100404000009|ANDOUILLE ANDOUILLETTE
CUSTOM|3|100404000010|AUTRE CHARCUTERIE CUITE
CUSTOM|3|100404000011|SAUCISSE FRAICHE
CUSTOM|3|100404000012|NON AFFECTE
CUSTOM|3|100404000013|FOIES GRAS
CUSTOM|3|100404000014|SAUCISSON SEC A L UNITE
CUSTOM|3|100404000015|SPECIALITES DE SALAISON
CUSTOM|3|100404000016|RILLETTES
CUSTOM|3|100404000017|ANDOUILLETTE
CUSTOM|3|100404000018|ROTI CUIT
CUSTOM|3|100404020001|CHARCUTERIE FE PDV
CUSTOM|3|100404040001|JAMBON CUIT
CUSTOM|3|100404040002|JAMBON SEC
CUSTOM|3|100404040003|SPECIALITES SALAISON TRANCHEE
CUSTOM|3|100404040004|SAUCISSON CUIT
CUSTOM|3|100404040005|PATES ET MOUSSES
CUSTOM|3|100404040006|SALE FUME
CUSTOM|3|100404040007|SAUCISSE CUITE
CUSTOM|3|100404040008|BOUDIN
CUSTOM|3|100404040009|ANDOUILLE
CUSTOM|3|100404040010|AUTRE CHARCUTERIE CUITE
CUSTOM|3|100404040011|SAUCISSE FRAICHE
CUSTOM|3|100404040012|NON AFFECTE
CUSTOM|3|100404040013|FOIES GRAS
CUSTOM|3|100404040014|SAUCISSON SEC A L UNITE
CUSTOM|3|100404040015|RILLETTES
CUSTOM|3|100404040016|ANDOUILLETTE
CUSTOM|3|100404040017|ROTI CUIT
CUSTOM|3|100404040018|CHARCUTERIE DE VOLAILLE
CUSTOM|3|100606000001|ENTREES CHAUDES ET FROIDES
CUSTOM|3|100606000002|SALADES
CUSTOM|3|100606000003|CHARCUTERIE PATISSIERE
CUSTOM|3|100606000004|AIDE CULINAIRE
CUSTOM|3|100606000005|PLATS CUISINES
CUSTOM|3|100606000006|PATES FRAICHES
CUSTOM|3|100606000007|APERITFS CHAUDS ET FROIDS
CUSTOM|3|100606000008|PIZZAS ET QUICHES
CUSTOM|3|100606000009|TRAITEUR DE LA MER
CUSTOM|3|100606000010|SANDWICHS
CUSTOM|3|100606000011|SNACKS CHAUDS
CUSTOM|3|100606020001|TRAITEUR CHAUD
CUSTOM|3|100606040001|ROTISSERIE
CUSTOM|3|100606040002|PIZZAS
CUSTOM|3|100606060001|TRAITEUR FRAIS EMBALLE PDV
CUSTOM|3|100606080001|ENTREES CHAUDES ET FROIDES
CUSTOM|3|100606080002|SALADES
CUSTOM|3|100606080003|CHARCUTERIE PATISSIERE
CUSTOM|3|100606080004|PLATS CUISINES
CUSTOM|3|100606080005|PIZZAS ET QUICHES
CUSTOM|3|100606080006|APERITFS CHAUDS ET FROIDS
CUSTOM|3|100606080007|PIZZAS ET QUICHES
CUSTOM|3|100606080008|TRAITEUR DE LA MER
CUSTOM|3|100606080009|SANDWICHS
CUSTOM|3|100606080010|SNACKS CHAUDS
CUSTOM|3|100707000001|SUSHI
CUSTOM|3|100707020001|WOK
CUSTOM|3|100707040001|FRAICH DECOUP PRESTA
CUSTOM|3|100707060001|BURGER
CUSTOM|3|100707080001|TEX MEX
CUSTOM|3|100808000001|POISSON
CUSTOM|3|100808000002|SAUMON
CUSTOM|3|100808000003|CEPHALOPODE
CUSTOM|3|100808000004|MOULES
CUSTOM|3|100808000005|HUITRES
CUSTOM|3|100808000006|AUTRES COQUILLAGES
CUSTOM|3|100808000007|CREVETTES
CUSTOM|3|100808000008|AUTRES CRUSTACES
CUSTOM|3|100808000009|MORUE
CUSTOM|3|100808000010|FUME / SALE
CUSTOM|3|100808000011|GRILLADES / BROCHETTES
CUSTOM|3|100808000012|PANE MEUNIERE
CUSTOM|3|100808000013|APERO TAPAS SUSHI
CUSTOM|3|100808000014|AUTRES ELABORES
CUSTOM|3|100808020001|POISSON
CUSTOM|3|100808020002|SAUMON
CUSTOM|3|100808020003|CEPHALOPODE
CUSTOM|3|100808020004|MOULES
CUSTOM|3|100808020005|HUITRES
CUSTOM|3|100808020006|AUTRES COQUILLAGES
CUSTOM|3|100808020007|CREVETTES
CUSTOM|3|100808020008|AUTRES CRUSTACES
CUSTOM|3|100808020009|MORUE
CUSTOM|3|100808020010|FUME / SALE
CUSTOM|3|100808020011|GRILLADES / BROCHETTES
CUSTOM|3|100808020012|PANE MEUNIERE
CUSTOM|3|100808020013|APERO TAPAS SUSHI
CUSTOM|3|100808020014|AUTRES ELABORES
CUSTOM|3|100808040001|POISSON
CUSTOM|3|100808040002|SAUMON
CUSTOM|3|100808040003|CEPHALOPODE
CUSTOM|3|100808040004|MOULES
CUSTOM|3|100808040005|HUITRES
CUSTOM|3|100808040006|AUTRES COQUILLAGES
CUSTOM|3|100808040007|CREVETTES
CUSTOM|3|100808040008|AUTRES CRUSTACES
CUSTOM|3|100808040009|MORUE
CUSTOM|3|100808040010|FUME / SALE
CUSTOM|3|100808040011|GRILLADES / BROCHETTES
CUSTOM|3|100808040012|PANE MEUNIERE
CUSTOM|3|100808040013|APERO TAPAS SUSHI
CUSTOM|3|100808040014|AUTRES ELABORES
CUSTOM|3|101010000001|SPECIALITES REGIONALES
CUSTOM|3|101010000002|PATES PRESSEES
CUSTOM|3|101010000003|FROMAGE FONDU ET FRAIS
CUSTOM|3|101010000004|FROMAGE A PATE PERSILLEE
CUSTOM|3|101010000005|FROMAGE DE CHEVRE SPECIALITE
CUSTOM|3|101010000006|PATES MOLLES
CUSTOM|3|101010000007|BEURRE
CUSTOM|3|101010020001|FROMAGE FRAIS EMBALLE PDV
CUSTOM|3|101010040001|SPECIALITES REGIONALES
CUSTOM|3|101010040002|PATES PRESSEES
CUSTOM|3|101010040003|FROMAGE FONDU ET FRAIS
CUSTOM|3|101010040004|FROMAGE A PATE PERSILLE
CUSTOM|3|101010040005|FROMAGE DE CHEVRE SPECIALITE
CUSTOM|3|101010040006|PATES MOLLES
CUSTOM|3|101212000001|PAINS BLANC LS PDV
CUSTOM|3|101212000002|PAINS SPECIAUX LS PDV
CUSTOM|3|101212000003|PAIN DE CAMPAGNE LS PDV
CUSTOM|3|101212000004|PAIN BIO LS PDV
CUSTOM|3|101212000005|PAIN SANTE LS PDV
CUSTOM|3|101212000006|SANCKING/TRAITEUR LS PDV
CUSTOM|3|101212000007|PAIN SOUS ATMOSPHERE LS PDV
CUSTOM|3|101212000008|LEVURE LS PDV
CUSTOM|3|101212020001|CROIS./CHOC/P.RAI/C.POM LS PDV
CUSTOM|3|101212020002|MINI VIENNOISERIE LS PDV
CUSTOM|3|101212020003|BRIOCHE LS PDV
CUSTOM|3|101212020004|BEIGNET/GAMME AMERICAIN LS PDV
CUSTOM|3|101212020005|AUTRES VIENNOISERIE LS PDV
CUSTOM|3|101212040001|PAINS BLANCS TRAD
CUSTOM|3|101212040002|PAIN SPECIAUX TRAD
CUSTOM|3|101212040003|PAIN DE CAMPAGNE TRAD
CUSTOM|3|101212040004|PAIN BIO TRAD
CUSTOM|3|101212040005|PAIN SANTE TRAD
CUSTOM|3|101212040006|SACKING/TRAITEUR TRAD
CUSTOM|3|101212040007|PAIN SOUS ATMOSPHERE TRAD
CUSTOM|3|101212040008|LEVURE TRAD
CUSTOM|3|101212060001|NON AFFECTE
CUSTOM|3|101212080001|CROIS./CHOC/P.RAI/C.POM TRAD
CUSTOM|3|101212080002|MINI VIENNOISERIE TRAD
CUSTOM|3|101212080003|BRIOCHE TRAD
CUSTOM|3|101212080004|BEIGNET/GAMME AMERICAINE TRAD
CUSTOM|3|101212080005|AUTRES VIENNOISERIE TRAD
CUSTOM|3|101212100001|GATEAUX FAMILIAUX GEL TRAD
CUSTOM|3|101212100002|GATEAUX INDIVIDUELS GEL TRAD
CUSTOM|3|101212100003|TARTES GEL TRAD
CUSTOM|3|101212100004|TARTELETTES GEL TRAD
CUSTOM|3|101212100005|PATE A CHOU GEL TRAD
CUSTOM|3|101212100006|MIGNARDISE / MACARONS GELTRAD
CUSTOM|3|101212100007|GALETTE GEL TRAD
CUSTOM|3|101212120001|GATEAUX FAMILIAUX FRAIS TRAD
CUSTOM|3|101212120002|GATEAUX INDIVIDUELS FRAIS TR
CUSTOM|3|101212120003|TARTES FRAIS TRAD
CUSTOM|3|101212120004|TARTELETTES FRAIS TRAD
CUSTOM|3|101212120005|PATE A CHOU FRAIS TRAD
CUSTOM|3|101212120006|MIGNARDISE/MACARONS FRAIS TRAD
CUSTOM|3|101212120007|FESTIFS FRAIS TRAD
CUSTOM|3|101212120008|BISCUITERIE FRAIS TRAD
CUSTOM|3|101212120009|CONFISERIE/CHOCOLAT FRAIS TRAD
CUSTOM|3|101212140001|GATEAUX FAMILIAUX GEL EMB
CUSTOM|3|101212140002|GATEAUX INDIVIDUELS GEL EMB
CUSTOM|3|101212140003|TARTE GEL LS PDV
CUSTOM|3|101212140004|TARTELETTES GEL LS PDV
CUSTOM|3|101212140005|PATE A CHOU GEL LS PDV
CUSTOM|3|101212140006|MIGNARDISES / MACARONS GEL EMB
CUSTOM|3|101212140007|GALETTE GEL EMB
CUSTOM|3|101212160001|GATEAUX FAMILIAUX FRAIS LS PDV
CUSTOM|3|101212160002|GATEAU INDIVIDUEL FRAIS LS PDV
CUSTOM|3|101212160003|TARTE FRAIS LS PDV
CUSTOM|3|101212160004|TARTELETTES FRAIS LS PDV
CUSTOM|3|101212160005|PATE A CHOU FRAIS LS PDV
CUSTOM|3|101212160006|MIGNARDISES/MACARONS FE LS PDV
CUSTOM|3|101212160007|FESTIFS FRAIS LS PDV
CUSTOM|3|101212160008|BISCUITERIE FRAIS LS PDV
CUSTOM|3|101212160009|CONFISERIE/CHOCOLAT FE LS PDV
CUSTOM|3|101212180001|SNACKING
CUSTOM|3|101212200001|BOISSONS CHAUDES
CUSTOM|3|101212200002|BOISSONS FRAICHES
CUSTOM|3|202020000001|PRODUITS ELABORES LS
CUSTOM|3|202020000002|SAUCISSERIE LS
CUSTOM|3|202020000003|PRODUITS SALES FUMES
CUSTOM|3|202020000004|GIBIER BOUCHERIE LS
CUSTOM|3|202020020001|STEACK HACHES LS
CUSTOM|3|202020040001|UVC 21
CUSTOM|3|202222000001|BOEUF FE IND
CUSTOM|3|202222020001|VEAU FE IND
CUSTOM|3|202222040001|PORC FE IND
CUSTOM|3|202222060001|AGNEAU / MOUTON FE IND
CUSTOM|3|202222080001|CHEVAL FE PDV
CUSTOM|3|202222100001|TRIPERIE / ABATS FE IND
CUSTOM|3|202222120001|ALIMENTATION POUR ANIMAUX
CUSTOM|3|202424000001|POULET PIECE ENTIERE
CUSTOM|3|202424000002|AUTRES PIECES ENTIERES
CUSTOM|3|202424000003|DECOUPE DE POULET
CUSTOM|3|202424000004|DECOUPE DE DINDE
CUSTOM|3|202424000005|AUTRES DECOUPES
CUSTOM|3|202424000006|PRODUITS ELABORES
CUSTOM|3|202424000007|GIBIER VOLAILLE LS
CUSTOM|3|202424000008|SNACKING VOLAILLES LS
CUSTOM|3|202626000001|JAMBON CUIT
CUSTOM|3|202626000002|LARDONS POITRINE
CUSTOM|3|202626000003|JAMBON SEC
CUSTOM|3|202626000004|PATES ET MOUSSES
CUSTOM|3|202626000005|BOUDIN
CUSTOM|3|202626000006|ANDOUILLE
CUSTOM|3|202626000007|SAUCISSON CUIT
CUSTOM|3|202626000008|NON AFFECTE
CUSTOM|3|202626000009|CHARCUTERIE VOLAILLE
CUSTOM|3|202626000010|SAUCISSES CUITES
CUSTOM|3|202626000011|NON AFFECTE
CUSTOM|3|202626000012|NON AFFECTE
CUSTOM|3|202626000013|FOIES GRAS
CUSTOM|3|202626000014|NON AFFECTE
CUSTOM|3|202626000015|ROTI CUIT
CUSTOM|3|202626000016|SPECIALITES SALAISON TRANCHEE
CUSTOM|3|202626000017|RILLETTES
CUSTOM|3|202626000018|ANDOUILLETTES
CUSTOM|3|202626000019|AUTRE CHARCUTERIE CUITE
CUSTOM|3|202626010001|VRAC CHARCUTERIE
CUSTOM|3|202626020001|CHARCUTERIE TRANCHEE AMBIANTE
CUSTOM|3|202626030001|SAUCISSONS SECS
CUSTOM|3|202626030002|SAUCISSES SECHES DROITES
CUSTOM|3|202626030003|SAUCISSES SECHES COURBES
CUSTOM|3|202626030004|NOIX DE JAMBON
CUSTOM|3|202626030005|CHORIZO
CUSTOM|3|202626030006|JAMBONS PIECES ENTIERES
CUSTOM|3|202626030007|MINIS SAUCISSONS
CUSTOM|3|202626040001|ENTREES FROIDES
CUSTOM|3|202626040002|QUICHE TARTE TOURTE
CUSTOM|3|202626040003|SANDWICH
CUSTOM|3|202626040004|PATE A TARTE, PIZZA ET GATEAUX
CUSTOM|3|202626040005|SALADES
CUSTOM|3|202626040006|PLATS CUISINES
CUSTOM|3|202626040007|PATES FRAICHES
CUSTOM|3|202626040008|NON AFFECTE
CUSTOM|3|202626040009|NON AFFECTE
CUSTOM|3|202626040010|PIZZAS
CUSTOM|3|202626040011|AIDES CULINAIRES
CUSTOM|3|202626040012|ENTREES CHAUDES
CUSTOM|3|202626040013|CHARCUTERIE PATISSIERE
CUSTOM|3|202626040014|SNACKS CHAUDS
CUSTOM|3|202828000001|TARTINABLES
CUSTOM|3|202828000002|SURIMI
CUSTOM|3|202828000003|PRODUITS DE LA MER MARINES
CUSTOM|3|202828000004|SAUMON FUME ET TRUITE
CUSTOM|3|202828000005|PRODUITS DE LA MER CUISINES
CUSTOM|3|202828000006|NON AFFECTE
CUSTOM|3|202828020001|VRAC TRAITEUR DE LA MER
CUSTOM|3|203030000001|YAOURTS
CUSTOM|3|203030000002|DESSERTS
CUSTOM|3|203030000003|FROMAGES FRAIS
CUSTOM|3|203030000004|PRODUITS FRAIS NON LAITIER
CUSTOM|3|203030000005|NON AFFECTE
CUSTOM|3|203030000006|SNACKING ULTRA FRAIS
CUSTOM|3|203030010001|JUS DE FRUITS FRAIS
CUSTOM|3|203030010002|LACTES
CUSTOM|3|203030010003|BOISSONS
CUSTOM|3|203030010004|SOUPES FROIDES
CUSTOM|3|203030010005|SMOOTHIES
CUSTOM|3|203030010006|SNACKING
CUSTOM|3|203030020001|SPECIALITES REGIONALES
CUSTOM|3|203030020002|PATES PRESSEES
CUSTOM|3|203030020003|FROMAGES FONDUS ET FRAIS
CUSTOM|3|203030020004|FROMAGES A PATE PERSILLEE
CUSTOM|3|203030020005|FROMAGES DE CHEVRE/SPECIALITES
CUSTOM|3|203030020006|PATES MOLLES
CUSTOM|3|203030020007|SNACKING FROMAGE LS
CUSTOM|3|203030030001|VRAC FROMAGE
CUSTOM|3|203030060001|BEURRE LS
CUSTOM|3|203030080001|MARGARINE/PATE A TARTINER
CUSTOM|3|203030090001|VRAC CORPS GRAS
CUSTOM|3|203030100001|CREMERIE FRAICHE
CUSTOM|3|203030110001|VRAC LAIT
CUSTOM|3|203030120001|LAITS FRAIS
CUSTOM|3|203030120002|LAITS UHT
CUSTOM|3|203030120003|NON AFFECTE
CUSTOM|3|203030130001|CREMES LIQUIDES UHT
CUSTOM|3|203030130002|PREPARATION CULINAIRES UHT
CUSTOM|3|203030140001|OEUFS
CUSTOM|3|203030150001|VRAC OEUFS
CUSTOM|3|203030160001|VRAC ULTRA FRAIS
CUSTOM|3|203030180001|VRAC JUS ET BOISSONS FRAIS
CUSTOM|3|203232000001|PAINS DE MIE
CUSTOM|3|203232000002|PAINS SPECIAUX
CUSTOM|3|203232000003|PAINS DE CAMPAGNE
CUSTOM|3|203232000004|PAINS PRECUITS
CUSTOM|3|203232000005|TOASTS
CUSTOM|3|203232020001|MADELEINES
CUSTOM|3|203232020002|BARRES, QUATRE QUARTS
CUSTOM|3|203232020003|DIVERS/SPECIALITES
CUSTOM|3|203232020004|SNACKING PATISSERIE LS INDUS
CUSTOM|3|203232020005|GAUFRES ET CREPES
CUSTOM|3|203232030001|PATISSERIE INDIVIDUELLE
CUSTOM|3|203232030002|PATISSERIE A PARTAGER
CUSTOM|3|203232040001|VIENNOISERIE INDIVIDUELLE
CUSTOM|3|203232040002|VIENNOISERIE A PARTAGER
CUSTOM|3|203232040003|SNACKING VIENNOISERIE LS INDUS
CUSTOM|3|203232060001|PRODUITS POUR GARNIR
CUSTOM|3|203434000001|FRUITS FRAIS
CUSTOM|3|203434020001|LEGUMES FRAIS
CUSTOM|3|203434020002|POMMES DE TERRE
CUSTOM|3|203434040001|F/L FRAIS EMBALLE
CUSTOM|3|203434040002|SNACKING F/L FRAIS EMBALLE
CUSTOM|3|203434050001|FRAICHE DECOUPE PDV
CUSTOM|3|203434060001|FRUITS SECS
CUSTOM|3|203434060002|LEGUMES SECS
CUSTOM|3|203434060003|SNACKING F/L LONGUE CONSERVAT
CUSTOM|3|203434070001|NON AFFECTE
CUSTOM|3|203434080001|F/L RAYON REFRIGERE
CUSTOM|3|203434100001|F/L RAYON REFRIGERE DLC COURTE
CUSTOM|3|203636000001|FLEURS COUPEES
CUSTOM|3|203636020001|PLANTES D INTERIEUR
CUSTOM|3|203636040001|PLANTES D EXTERIEUR
CUSTOM|3|203737000001|PANIER ANTIGASPI FRAIS
CUSTOM|3|203838000001|ENTREES
CUSTOM|3|203838000002|PLATS CUISINES
CUSTOM|3|203838000003|SNACKING
CUSTOM|3|203838000004|QUICHES, TARTES, TOURTES
CUSTOM|3|203838000005|SAUCES
CUSTOM|3|203838000006|TRAITEUR PRODUITS DU MONDE
CUSTOM|3|203838000007|PIZZAS
CUSTOM|3|203838020001|FRUITS DE MER
CUSTOM|3|203838020002|POISSONS NATURES
CUSTOM|3|203838020003|POISSONS PANES
CUSTOM|3|203838020004|POISSONS CUISINES
CUSTOM|3|203838020005|ESCARGOTS/GRENOUILLES
CUSTOM|3|203838020006|POISSON PRODUITS DU MONDE
CUSTOM|3|203838040001|VIANDES / VOLAILLES
CUSTOM|3|203838040002|NON AFFECTE
CUSTOM|3|203838040003|VIANDES PRODUITS DU MONDE
CUSTOM|3|203838060001|LEGUMES VERTS
CUSTOM|3|203838060002|GARNITURE A BASE DE P.D. TERRE
CUSTOM|3|203838060003|FRITES
CUSTOM|3|203838060004|LEGUMES PRODUITS DU MONDE
CUSTOM|3|203838080001|PATISSERIE, VIENNOISERIE
CUSTOM|3|203838080002|GLACES BACS
CUSTOM|3|203838080003|GLACES BATONNETS
CUSTOM|3|203838080004|GLACES SPECIALITES
CUSTOM|3|203838080005|NON AFFECTE
CUSTOM|3|203838080006|FRUITS ET COULIS
CUSTOM|3|203838080007|GLACES CONES
CUSTOM|3|203838080008|GLACES CONFISERIE
CUSTOM|3|203838080009|GLACES ENFANTS
CUSTOM|3|203838080010|GLACES POTS
CUSTOM|3|203838080011|GLACONS, BLOC GLACE
CUSTOM|3|203838080012|SUCRES PRODUITS DU MONDE
CUSTOM|3|203838100001|VRAC SURGELES PRODUITS BRUTS
CUSTOM|3|203838120001|VRAC SURGELES TRAITEUR
CUSTOM|3|203838140001|VRAC SURGELES SUCRES
CUSTOM|3|203939000001|DESTOCKAGE FRAIS LS
CUSTOM|3|203939020001|ANIMATION FRAIS LS
CUSTOM|3|404040000001|BISCOTTES
CUSTOM|3|404040000002|NON AFFECTE
CUSTOM|3|404040000003|NON AFFECTE
CUSTOM|3|404040000004|PAINS GRILLES ET ASSIMILES
CUSTOM|3|404040000005|TARTINES CRAQUANTES
CUSTOM|3|404040000006|NON AFFECTE
CUSTOM|3|404040000007|PAINS SUEDOIS
CUSTOM|3|404040000008|CRACKERS
CUSTOM|3|404040020001|BISCUITS CHOCOLATES
CUSTOM|3|404040020002|BISCUITS FRUITES
CUSTOM|3|404040020003|BISCUITS AIDES CULINAIRES
CUSTOM|3|404040020004|ACCOMPAGNEMENT DESSERT
CUSTOM|3|404040020005|GOUTERS FOURRES
CUSTOM|3|404040020006|BISCUITS PETIT DEJEUNER
CUSTOM|3|404040020007|BISCUITS SECS ET BRETONS
CUSTOM|3|404040020008|COOKIES
CUSTOM|3|404040020009|BISCUITS FINS GOURMANDS ASSORT
CUSTOM|3|404040020010|SNACKING BISCUITERIE
CUSTOM|3|404040020011|RECETTES ET SPECIALITES
CUSTOM|3|404040020012|POCKETS
CUSTOM|3|404040040001|CAFE GRAIN
CUSTOM|3|404040040002|NON AFFECTE
CUSTOM|3|404040040003|CAFE SOLUBLE
CUSTOM|3|404040040004|CHICOREE
CUSTOM|3|404040040005|NON AFFECTE
CUSTOM|3|404040040006|CAFE LIQUIDE PRET A BOIRE
CUSTOM|3|404040040007|CAFE MOULU ARABICA
CUSTOM|3|404040040008|CAFE MOULU ROBUSTA
CUSTOM|3|404040040009|DOSETTES SOUPLES
CUSTOM|3|404040040010|DOSETTE SYSTEME FERMEE
CUSTOM|3|404040060001|NON AFFECTE
CUSTOM|3|404040060002|POUDRES DE CHOCOLAT ENFANTS
CUSTOM|3|404040060003|POUDRES DE CHOCOLAT ADULTES
CUSTOM|3|404040060004|NON AFFECTE
CUSTOM|3|404040080001|NON AFFECTE
CUSTOM|3|404040080002|BARRES CEREALIERES
CUSTOM|3|404040080003|SNACKING CEREALES
CUSTOM|3|404040080004|CEREALES ADULTES
CUSTOM|3|404040080005|CEREALES ENFANTS
CUSTOM|3|404040100001|THE
CUSTOM|3|404040100002|INFUSIONS
CUSTOM|3|404040120001|TABLETTES FAMILIALES
CUSTOM|3|404040120002|TABLETTES DEGUSTATION
CUSTOM|3|404040120003|TABLETTES FOURREES
CUSTOM|3|404040120004|BLOCS GOURMANDS
CUSTOM|3|404040120005|TABLETTES DESSERTS
CUSTOM|3|404040120006|NON AFFECTE
CUSTOM|3|404040130001|PETITE CONFISERIE DE POCHE
CUSTOM|3|404040130002|CHEWING GUM
CUSTOM|3|404040130003|CONFISERIE DE CHOCOLAT (DDC)
CUSTOM|3|404040140001|NON AFFECTE
CUSTOM|3|404040140002|NON AFFECTE
CUSTOM|3|404040140003|NON AFFECTE
CUSTOM|3|404040140004|BARRES
CUSTOM|3|404040140005|DRAGEES BILLES ET OEUFS
CUSTOM|3|404040140006|NON AFFECTE
CUSTOM|3|404040140007|NON AFFECTE
CUSTOM|3|404040140008|NON AFFECTE
CUSTOM|3|404040140009|A OFFRIR ET A PARTAGER
CUSTOM|3|404040140010|NON AFFECTE
CUSTOM|3|404040140011|SNACKING CONFISERIE
CUSTOM|3|404040150001|CONFISERIE ADULTE
CUSTOM|3|404040150002|CONFISERIE ENFANT
CUSTOM|3|404040150003|CONFISERIE PARTAGE
CUSTOM|3|404040160001|BOITES MAISON
CUSTOM|3|404040160002|BOITES DECOR
CUSTOM|3|404040160003|SPECIALITES DE NOEL
CUSTOM|3|404040160004|BOITAGES PERMANENTS
CUSTOM|3|404040160005|TRUFFE NOUGAT PATE FRUIT MARRO
CUSTOM|3|404040160006|LIQUEURS ET CERISES
CUSTOM|3|404040160007|CHOCOLATS FRAICHEUR
CUSTOM|3|404040160008|PRALINES ET BOULES
CUSTOM|3|404040160009|PAPILLOTES
CUSTOM|3|404040160010|CONCEPTS ENFANTS
CUSTOM|3|404040160011|BOUTIQUES CHOCOLATS NOEL
CUSTOM|3|404040180001|POULES
CUSTOM|3|404040180002|OEUFS
CUSTOM|3|404040180003|OEUFS FLAMME
CUSTOM|3|404040180004|OEUFS FLAMME SURPRISE
CUSTOM|3|404040180005|LAPINS
CUSTOM|3|404040180006|CLOCHES
CUSTOM|3|404040180007|POISSONS
CUSTOM|3|404040180008|MOULAGES DIVERS
CUSTOM|3|404040180009|SACHET DE MOULAGES
CUSTOM|3|404040180010|FANTAISIE
CUSTOM|3|404040180011|CONCEPT ENFANT
CUSTOM|3|404040180012|CONCEPT ADULTE
CUSTOM|3|404040180013|CONFISERIE OEUFS
CUSTOM|3|404040180014|CONFISERIE FRITURE
CUSTOM|3|404040180015|AUTRES CONFISERIE
CUSTOM|3|404040180016|NOUGATS NOUGATINES CALISSONS
CUSTOM|3|404040180017|PATES DE FRUITS
CUSTOM|3|404040180018|BOUTIQUES CHOCOLATS PAQUES
CUSTOM|3|404040200001|DESSERTS A CONSOMMER
CUSTOM|3|404040200002|DESSERTS A PREPARATION LACTES
CUSTOM|3|404040200003|NON AFFECTE
CUSTOM|3|404040200004|PRODUITS POUR LA PATISSERIE
CUSTOM|3|404040200005|PREPARATION POUR GATEAUX
CUSTOM|3|404040220001|LAITS CONCENTRES SUCRES
CUSTOM|3|404040220002|LAITS CONCENTRES NON SUCRES
CUSTOM|3|404040220003|LAIT EN POUDRE
CUSTOM|3|404040220004|NON AFFECTE
CUSTOM|3|404040220005|NON AFFECTE
CUSTOM|3|404040240001|SUCRE BLANC
CUSTOM|3|404040240002|NON AFFECTE
CUSTOM|3|404040240003|SUCRE ROUX
CUSTOM|3|404040240004|SUCRE POUR CONFITURE
CUSTOM|3|404040240005|SUCRE PATISSIER ARO & DECOR
CUSTOM|3|404040240006|EDULCORANTS
CUSTOM|3|404040260001|NON AFFECTE
CUSTOM|3|404040260002|NON AFFECTE
CUSTOM|3|404040260003|CREMES MARRONS/PRUNEAUX
CUSTOM|3|404040260004|GELEES
CUSTOM|3|404040260005|FRUITS AU SIROP
CUSTOM|3|404040260006|MIEL
CUSTOM|3|404040260007|PATES A TARTINER
CUSTOM|3|404040260008|SNACK COMPOTE FRUIT AU SIROP
CUSTOM|3|404040260009|SIROP D ERABLE
CUSTOM|3|404040260010|CONFITURES
CUSTOM|3|404040260011|CONFITURE ALLEGEE ET ASSIMILEE
CUSTOM|3|404040260012|COMPOTES GOURDES
CUSTOM|3|404040260013|COMPOTES COUPELLES
CUSTOM|3|404040260014|COMPOTES BOCAUX / BOITES FER
CUSTOM|3|404040280001|NON AFFECTE
CUSTOM|3|404040280002|NON AFFECTE
CUSTOM|3|404040280003|CEREALES POUR ENFANTS
CUSTOM|3|404040280004|JUS/BOISSONS INFANTILES
CUSTOM|3|404040280005|POTAGES LIQUIDES POUR ENFANTS
CUSTOM|3|404040280006|LEGUMES
CUSTOM|3|404040280007|LEGUMES VIANDES
CUSTOM|3|404040280008|DESSERT FRUIT
CUSTOM|3|404040280009|DESSERT LACTE
CUSTOM|3|404040280010|LEGUMES POISSONS
CUSTOM|3|404040280011|ALIMENTATION POUR BEBE FRAIS
CUSTOM|3|404040280012|BISCUITS
CUSTOM|3|404040280013|LAIT 1ER AGE
CUSTOM|3|404040280014|LAIT 2EME AGE
CUSTOM|3|404040280015|LAIT DE CROISSANCE
CUSTOM|3|404040290001|VRAC ALIMENTATION INFANTILE
CUSTOM|3|404040300001|PANIFICATION
CUSTOM|3|404040300002|BISCUITERIE
CUSTOM|3|404040300003|CEREALES PETIT DEJ
CUSTOM|3|404040300004|ACCOMPAGNEMENT REPAS/FECULENTS
CUSTOM|3|404040300005|NON AFFECTE
CUSTOM|3|404040300006|GALETTE
CUSTOM|3|404040300007|NON AFFECTE
CUSTOM|3|404040300008|REPAS
CUSTOM|3|404040300009|BOISSONS VEGETALES
CUSTOM|3|404040300010|JUS
CUSTOM|3|404040300011|AIDES A LA CUISINE
CUSTOM|3|404040300012|BOISSONS CHAUDES
CUSTOM|3|404040300013|DESSERT DE FRUITS
CUSTOM|3|404040300014|NON AFFECTE
CUSTOM|3|404040300015|SALE
CUSTOM|3|404040300016|CONFITURES ET PATES A TARTINER
CUSTOM|3|404040300017|PRODUITS SALES APPERITIFS
CUSTOM|3|404040300018|CHOCOLAT/CONFISERIE
CUSTOM|3|404040300019|DESSERTS VEGETAUX
CUSTOM|3|404040300020|SOUPE
CUSTOM|3|404040320001|COMPLEMENT ALIMENTAIRE
CUSTOM|3|404040320002|NON AFFECTE
CUSTOM|3|404040320003|NON AFFECTE
CUSTOM|3|404040320004|EFFORT
CUSTOM|3|404040320005|MINCEUR
CUSTOM|3|404040320006|SANS GLUTEN
CUSTOM|3|404040320007|BIEN ETRE
CUSTOM|3|404040320008|AUTRE SANTE
CUSTOM|3|404040340001|CONSERVE DE LEGUMES
CUSTOM|3|404040340002|CONSERVE DE POISSONS
CUSTOM|3|404040340003|HUILE ET VINAIGRE
CUSTOM|3|404040340004|CONDIMENTS ET SAUCES
CUSTOM|3|404040340005|CONFITURE ET TARTINABLE
CUSTOM|3|404040340006|BISCUITERIE SUCREE/PATISSERIE
CUSTOM|3|404040340007|BISCUITERIE SALEE
CUSTOM|3|404040340008|NON AFFECTE
CUSTOM|3|404040340009|NON AFFECTE
CUSTOM|3|404040340010|PATE CONFIT FOIE GRAS
CUSTOM|3|404040340011|PLATS CUISINES
CUSTOM|3|404040340012|PATES RIZ FECULENTS
CUSTOM|3|404040340013|EPICES POIVRE ET SEL
CUSTOM|3|404040340014|THE ET BOISSON
CUSTOM|3|404040340015|BONBONS ET CONFISERIES
CUSTOM|3|404040340016|AUTRES
CUSTOM|3|404040360001|VRAC BIO SPECIALISTE
CUSTOM|3|404040380001|VRAC UNIVERS PETIT DEJEUNER
CUSTOM|3|404040400001|VRAC UNIVERS BOISSONS CHAUDES
CUSTOM|3|404040420001|VRAC UNIVERS CONFISERIE
CUSTOM|3|404040440001|VRAC UNIVERS GOUTER
CUSTOM|3|404040460001|VRAC UNIVERS DESSERT
CUSTOM|3|404242000001|EXOT CHINE/VIETNAM/THAILANDE
CUSTOM|3|404242000002|EXOT JAPON / COREE
CUSTOM|3|404242000003|NON AFFECTE
CUSTOM|3|404242000004|EXOTIQUE TEX MEX
CUSTOM|3|404242000005|EXOTIQUE INDE
CUSTOM|3|404242000006|COMM GRECE/TURQUIE/LIBAN
CUSTOM|3|404242000007|COMMUNAUTE ITALIE
CUSTOM|3|404242000008|COMMUNAUTE ESPAGNE
CUSTOM|3|404242000009|COMMUNAUTE  PORTUGAL
CUSTOM|3|404242000010|COMMUNAUTE ANGLO SAXONNE
CUSTOM|3|404242000011|COMMUNAUTE HOLLANDAISE
CUSTOM|3|404242000012|COMMUNAUTE CREOLE
CUSTOM|3|404242000013|AUTRES ORIGINES
CUSTOM|3|404242000014|RELIGIEUX HALAL
CUSTOM|3|404242000015|RELIGIEUX CASHER
CUSTOM|3|404242020001|FARINES ORDINAIRES
CUSTOM|3|404242020002|FARINES SPECIALES ET LIANTS
CUSTOM|3|404242020003|FARINE PREPA PAINS
CUSTOM|3|404242020004|SEMOULES
CUSTOM|3|404242020005|FARINE PREPA AUTRES
CUSTOM|3|404242020006|CHAPELURE
CUSTOM|3|404242040001|PATES DE QUALITES SUPERIEURES
CUSTOM|3|404242040002|PATES AUX OEUFS
CUSTOM|3|404242040003|NON AFFECTE
CUSTOM|3|404242040004|PATES AROMATISEES ET FARCIES
CUSTOM|3|404242040005|PATES DOYPAK, CUP
CUSTOM|3|404242040006|PATES CUISSON RAPIDE
CUSTOM|3|404242040007|PATES A CUISINER
CUSTOM|3|404242060001|NON AFFECTE
CUSTOM|3|404242060002|LEGUMES SECS
CUSTOM|3|404242060003|RIZ ETUVE
CUSTOM|3|404242060004|NON AFFECTE
CUSTOM|3|404242060005|NON AFFECTE
CUSTOM|3|404242060006|NON AFFECTE
CUSTOM|3|404242060007|RIZ PARFUME
CUSTOM|3|404242060008|RIZ CUISINE (POELER/DOYPACK)
CUSTOM|3|404242060009|RIZ AUTRES
CUSTOM|3|404242060010|SEMOULE DE COUSCOUS
CUSTOM|3|404242060011|CEREALES A CUIRE
CUSTOM|3|404242060012|PUREE DE POMMES DE TERRE
CUSTOM|3|404242080001|CROUTONS POTAGE
CUSTOM|3|404242080002|POTAGES LIQUIDES
CUSTOM|3|404242080003|POTAGES EN SACHETS DESHYDRATES
CUSTOM|3|404242080004|POTAGES INSTANTANES
CUSTOM|3|404242090001|SAUCES POUR PATES ET RIZ
CUSTOM|3|404242090002|COULIS PULPE CONCENTRE
CUSTOM|3|404242100001|SAUCES FROIDES
CUSTOM|3|404242100002|CORNICHONS/LEG CONDIMENTAIRES
CUSTOM|3|404242100003|KETCHUP
CUSTOM|3|404242100004|MAYONNAISES
CUSTOM|3|404242100005|MOUTARDES
CUSTOM|3|404242100006|NON AFFECTE
CUSTOM|3|404242100007|NON AFFECTE
CUSTOM|3|404242100008|NON AFFECTE
CUSTOM|3|404242100009|OLIVES
CUSTOM|3|404242110001|SAUCE A NAPPER
CUSTOM|3|404242110002|AIDE CULINAIRE/SACHET CUISSON
CUSTOM|3|404242110003|BOUILLONS
CUSTOM|3|404242120001|EPICES
CUSTOM|3|404242120002|POIVRES
CUSTOM|3|404242120003|HERBES
CUSTOM|3|404242120004|MELANGES
CUSTOM|3|404242140001|SEL FIN
CUSTOM|3|404242140002|GROS SEL
CUSTOM|3|404242140003|AUTRES SELS
CUSTOM|3|404242160001|AUTRES HUILES
CUSTOM|3|404242160002|HUILE D'ARACHIDE
CUSTOM|3|404242160003|HUILE D'OLIVE
CUSTOM|3|404242160004|HUILE MELANGE
CUSTOM|3|404242160005|NON AFFECTE
CUSTOM|3|404242160006|HUILES DE TOURNESOL
CUSTOM|3|404242180001|VINAIGRE D'ALCOOL
CUSTOM|3|404242180002|VINAIGRE DE VIN
CUSTOM|3|404242180003|VINAIGRE AUTRE
CUSTOM|3|404242180004|NON AFFECTE
CUSTOM|3|404242180005|VINAIGRE BALSAMIQUE
CUSTOM|3|404242190001|VINAIGRETTE
CUSTOM|3|404242190002|SAUCE CRUDITE
CUSTOM|3|404242190003|SAUCE BI PHASEE
CUSTOM|3|404242190004|JUS DE CITRON
CUSTOM|3|404242190005|CROUTON SALADES
CUSTOM|3|404242200001|PETITS POIS / P.POIS CAROTTE
CUSTOM|3|404242200002|HARICOTS VERTS
CUSTOM|3|404242200003|TOMATES
CUSTOM|3|404242200004|MACEDOINE DE LEGUMES/JARDINIER
CUSTOM|3|404242200005|AUTRES LEGUMES POUR SALADE
CUSTOM|3|404242200006|CHAMPIGNONS
CUSTOM|3|404242200007|AUTRES LEGUMES CHAUDS
CUSTOM|3|404242200008|MAIS
CUSTOM|3|404242200009|LEGUMES SECS ET FLAGEOLETS
CUSTOM|3|404242200010|MELANGES ET CUISINES
CUSTOM|3|404242220001|SARDINES
CUSTOM|3|404242220002|THON
CUSTOM|3|404242220003|MAQUEREAUX
CUSTOM|3|404242220004|CRUSTACES
CUSTOM|3|404242220005|NON AFFECTE
CUSTOM|3|404242220006|NON AFFECTE
CUSTOM|3|404242220007|NON AFFECTE
CUSTOM|3|404242220008|DIVERS CONSERVES DE POISSONS
CUSTOM|3|404242220009|NON AFFECTE
CUSTOM|3|404242240001|VERRINES LOTS
CUSTOM|3|404242240002|VERRINES A BASE DE PORC
CUSTOM|3|404242240003|SAUCISSES
CUSTOM|3|404242240004|BOITES A BASE DE PORC
CUSTOM|3|404242240005|VERRINE GIBIER VOLAILLE
CUSTOM|3|404242240006|FOIE GRAS D'OIE ET CANARD
CUSTOM|3|404242240007|BOITES AUTRES
CUSTOM|3|404242240008|BOITES LOTS
CUSTOM|3|404242260001|CASSOULETS
CUSTOM|3|404242260002|CHOUCROUTE
CUSTOM|3|404242260003|ESCARGOTS
CUSTOM|3|404242260004|QUENELLES
CUSTOM|3|404242260005|PLATS CUISINES ITALIENS
CUSTOM|3|404242260006|NON AFFECTE
CUSTOM|3|404242260007|PLATS CUISINES MICRO ONDABLE
CUSTOM|3|404242260008|PLATS CUISINES EXOTIQUES
CUSTOM|3|404242260009|SNACKING PLATS CUISINES
CUSTOM|3|404242260010|SAUCISSES LENTILLES
CUSTOM|3|404242260011|AUTRES
CUSTOM|3|404242280001|CRACKERS
CUSTOM|3|404242280002|SOUFLES
CUSTOM|3|404242280003|GRAINES
CUSTOM|3|404242280004|SNACKING PRODUIT SALE APERITIF
CUSTOM|3|404242280005|TUILES
CUSTOM|3|404242300001|CHIPS NATURES
CUSTOM|3|404242300002|SNACKING CHIPS
CUSTOM|3|404242300003|CHIPS AROMATISEES
CUSTOM|3|404242300004|CHIPS MULTIPACKS
CUSTOM|3|404242320001|NON AFFECTE
CUSTOM|3|404242340001|VRAC UNIVERS FECULENTS
CUSTOM|3|404242360001|VRAC UNIVERS PSA
CUSTOM|3|404242380001|VRAC UNIVERS ASSAISONNEMENTS
CUSTOM|3|404343000001|PANIER ANTIGASPI SEC
CUSTOM|3|404444000001|NON AFFECTE
CUSTOM|3|404444000002|NON AFFECTE
CUSTOM|3|404444000003|ALIMENTS HUMIDES CHIENS
CUSTOM|3|404444000004|ALIMENTS SECS CHIENS
CUSTOM|3|404444000005|NON AFFECTE
CUSTOM|3|404444000006|NON AFFECTE
CUSTOM|3|404444000007|NON AFFECTE
CUSTOM|3|404444000008|NON AFFECTE
CUSTOM|3|404444000009|SNACK CHIEN
CUSTOM|3|404444000010|NON AFFECTE
CUSTOM|3|404444000011|NON AFFECTE
CUSTOM|3|404444020001|ALIMENTS HUMIDES CHATS
CUSTOM|3|404444020002|ALIMENTS SECS CHATS
CUSTOM|3|404444020003|SNACK CHATS
CUSTOM|3|404444040001|ALIMENTS POUR RONGEURS
CUSTOM|3|404444060001|ALIMENTS POUR OISEAUX
CUSTOM|3|404444080001|ALIMENTS POUR BASSE COUR
CUSTOM|3|404444100001|ALIMENTS POUR POISSONS
CUSTOM|3|404444120001|LITIERES
CUSTOM|3|404444140001|ANTI-PARASITAIRES
CUSTOM|3|404444140002|HYGIENE ET SOINS
CUSTOM|3|404444140003|JOUETS
CUSTOM|3|404444140004|ENVIRONNEMENT
CUSTOM|3|404444140006|SELLERIE
CUSTOM|3|404444160001|ANTI-PARASITAIRES
CUSTOM|3|404444160002|HYGIENE ET SOINS
CUSTOM|3|404444160003|JOUETS
CUSTOM|3|404444160004|SELLERIE
CUSTOM|3|404444160005|ENVIRONNEMENT
CUSTOM|3|404444160006|DESODORISANT LITIERE
CUSTOM|3|404444180001|ACCCESSOIRES RONGEURS
CUSTOM|3|404444180002|ACCESSOIRES POISSONS
CUSTOM|3|404444180003|ACCESSOIRES OISEAUX
CUSTOM|3|404444200001|VRAC PRODUITS ANIMAUX
CUSTOM|3|404646000001|NON AFFECTE
CUSTOM|3|404646000002|NON AFFECTE
CUSTOM|3|404646000003|NON AFFECTE
CUSTOM|3|404646000004|NON AFFECTE
CUSTOM|3|404646000005|NON AFFECTE
CUSTOM|3|404646000006|NON AFFECTE
CUSTOM|3|404646000007|NON AFFECTE
CUSTOM|3|404646000008|NON AFFECTE
CUSTOM|3|404646000009|SNACKING BOISSON GAZ. ET PLATE
CUSTOM|3|404646000010|BOISSONS PLATES AUX FRUITS
CUSTOM|3|404646000011|BOISSONS PLATES AU THE
CUSTOM|3|404646000012|BOISSONS CHOCOLATES
CUSTOM|3|404646000013|BOISSONS GAZEUSES COLAS
CUSTOM|3|404646000014|BOISSONS GAZEUSES AUX FRUITS
CUSTOM|3|404646000015|LIMONADES / LIMES / TONICS
CUSTOM|3|404646000016|BOISSON GAZEUSE ENERGY DRINK
CUSTOM|3|404646000017|BOISSONS GAZEUSES AUTRES
CUSTOM|3|404646010001|PUR JUS
CUSTOM|3|404646010002|JUS A BASE DE CONCENTRE
CUSTOM|3|404646010003|NECTAR
CUSTOM|3|404646010004|SNACKING JUS DE FRUITS
CUSTOM|3|404646020001|BIERES A LA PRESSION
CUSTOM|3|404646020002|BIERES BOCK OU MENAGE
CUSTOM|3|404646020003|BIERES DE LUXE
CUSTOM|3|404646020004|BIERES SPECIALITES
CUSTOM|3|404646020005|CIDRES
CUSTOM|3|404646020006|SNACKING BIERE ET CIDRE
CUSTOM|3|404646020007|CAVE A BIERES
CUSTOM|3|404646030001|SIROPS
CUSTOM|3|404646030002|CONCENTRE MACHINES ET BOISSONS
CUSTOM|3|404646040001|EAUX MINERALES PLATES
CUSTOM|3|404646040002|EAUX MINIRALES GAZEUSES
CUSTOM|3|404646040003|EAUX DE SOURCES PLATES
CUSTOM|3|404646040004|EAUX DE SOURCES GAZEUSES
CUSTOM|3|404646040005|SNACKING EAUX
CUSTOM|3|404646040006|EAUX SPORT
CUSTOM|3|404646050001|BOISSON AROMATISEE BABV ROUGE
CUSTOM|3|404646050002|BOISSON AROMATISEE BABV BLANC
CUSTOM|3|404646050003|BOISSON AROMATISEE BABV ROSE
CUSTOM|3|404646060001|VINS DE TABLE ROUGE
CUSTOM|3|404646060002|VINS DE TABLE BLANCS
CUSTOM|3|404646060003|VINS DE TABLE ROSES
CUSTOM|3|404646060004|NON AFFECTE
CUSTOM|3|404646060005|NON AFFECTE
CUSTOM|3|404646060006|NON AFFECTE
CUSTOM|3|404646070001|VIN DE PAYS STANDARD ROUGE
CUSTOM|3|404646070002|VIN DE PAYS STANDARD BLANC
CUSTOM|3|404646070003|VIN DE PAYS STANDARD ROSE
CUSTOM|3|404646070004|VIN DE PAYS CEPAGES ROUGE
CUSTOM|3|404646070005|VIN DE PAYS CEPAGES BLANC
CUSTOM|3|404646070006|VIN DE PAYS CEPAGES ROSE
CUSTOM|3|404646080001|LANGUEDOC-ROUSSILLON ROUGE
CUSTOM|3|404646080002|COTES DU RHONE ROUGE
CUSTOM|3|404646080003|BORDEAUX ROUGE
CUSTOM|3|404646080004|SUD-OUEST ROUGE
CUSTOM|3|404646080005|VALLEE DE LA LOIRE ROUGE
CUSTOM|3|404646080006|BEAUJOLAIS ROUGE
CUSTOM|3|404646080007|BOURGOGNE ROUGE
CUSTOM|3|404646080008|ALSACE ROUGE
CUSTOM|3|404646080009|SAVOIE/JURA ROUGE
CUSTOM|3|404646080010|PROVENCE ROUGE
CUSTOM|3|404646080011|ETRANGERS ROUGE
CUSTOM|3|404646080012|LANGUEDOC ROUSSILLON BLANC
CUSTOM|3|404646080013|COTE DU RHONE BLANC
CUSTOM|3|404646080014|BORDEAUX BLANC
CUSTOM|3|404646080015|SUD OUEST BLANC
CUSTOM|3|404646080016|VALLEE DE LA LOIRE BLANC
CUSTOM|3|404646080017|BEAUJOLAIS BLANC
CUSTOM|3|404646080018|BOURGOGNE BLANC
CUSTOM|3|404646080019|ALSACE BLANC
CUSTOM|3|404646080020|SAVOIE/JURA BLANC
CUSTOM|3|404646080021|PROVENCE BLANC
CUSTOM|3|404646080022|ETRANGERS BLANC
CUSTOM|3|404646080023|LANGUEDOC ROUSSILLON ROSE
CUSTOM|3|404646080024|COTES DU RHONE ROSE
CUSTOM|3|404646080025|BORDEAUX ROSE
CUSTOM|3|404646080026|SUD OUEST ROSE
CUSTOM|3|404646080027|VALLEE DE LA LOIRE ROSE
CUSTOM|3|404646080028|BEAUJOLAIS ROSE
CUSTOM|3|404646080029|BOURGOGNE ROSE
CUSTOM|3|404646080030|ALSACE ROSE
CUSTOM|3|404646080031|SAVOIE/JURA ROSE
CUSTOM|3|404646080032|PROVENCE ROSE
CUSTOM|3|404646080033|ETRANGERS ROSE
CUSTOM|3|404646090001|VIN DE TABLE ROUGE
CUSTOM|3|404646090002|VIN DE PAYS STANDARD ROUGE
CUSTOM|3|404646090003|VIN DE PAYS CEPAGES ROUGE
CUSTOM|3|404646090004|BABV ROUGE
CUSTOM|3|404646090005|BORDEAUX ROUGE
CUSTOM|3|404646090006|RHONE ROUGE
CUSTOM|3|404646090007|LOIRE ROUGE
CUSTOM|3|404646090008|LANGRUDOC ROUSSILLON ROUGE
CUSTOM|3|404646090009|SUD OUEST ROUGE
CUSTOM|3|404646090010|BOURGOGNE ROUGE
CUSTOM|3|404646090011|AUTRES VINS ROUGE
CUSTOM|3|404646090012|VIN DE TABLE ROSE
CUSTOM|3|404646090013|VIN DE PAYS STANDARD ROSE
CUSTOM|3|404646090014|VIN DE PAYS CEPAGES ROSE
CUSTOM|3|404646090015|BABV ROSE
CUSTOM|3|404646090016|BORDEAUX ROSE
CUSTOM|3|404646090017|RHONE ROSE
CUSTOM|3|404646090018|LOIRE ROSE
CUSTOM|3|404646090019|LANGUEDOC ROUSSILLON ROSE
CUSTOM|3|404646090020|SUD OUEST ROSE
CUSTOM|3|404646090021|BOURGOGNE ROSE
CUSTOM|3|404646090022|COTES DE PROVENCE / CORSE ROSE
CUSTOM|3|404646090023|AUTRES VINS ROSE
CUSTOM|3|404646090024|VIN DE TABLE BLANC
CUSTOM|3|404646090025|VIN DE PAYS STANDARD BLANC
CUSTOM|3|404646090026|VIN DE PAYS CEPAGES BLANC
CUSTOM|3|404646090027|BABV BLANC
CUSTOM|3|404646090028|BORDEAUX BLANC
CUSTOM|3|404646090029|RHONE BLANC
CUSTOM|3|404646090030|LOIRE BLANC
CUSTOM|3|404646090031|LANGUEDOC ROUSSILLON BLANC
CUSTOM|3|404646090032|SUD OUEST BLANC
CUSTOM|3|404646090033|BOURGOGNE BLANC
CUSTOM|3|404646090034|AUTRES VINS BLANC
CUSTOM|3|404646100001|NON AFFECTE
CUSTOM|3|404646100002|NON AFFECTE
CUSTOM|3|404646100003|MOUSSEUX ORDINAIRE
CUSTOM|3|404646100004|MOUSSEUX DE QUALITE
CUSTOM|3|404646100005|MOUSSEUX AOC
CUSTOM|3|404646100006|PETILLANTS ET AROMATISES
CUSTOM|3|404646100007|MOUSSEUX ETRANGERS
CUSTOM|3|404646100008|MOUSSEUX & PETILLANT SS ALCOOL
CUSTOM|3|404646120001|NON AFFECTE
CUSTOM|3|404646120002|CHAMPAGNES BRUT
CUSTOM|3|404646120003|CHAMPAGNES DEMI-SEC
CUSTOM|3|404646120004|CHAMPAGNES ROSE
CUSTOM|3|404646120005|CHAMPAGNES MILLESIMES
CUSTOM|3|404646120006|CHAMPAGNES CUVEES SPECIALES
CUSTOM|3|404646140001|LANGUEDOC-ROUSSILLON
CUSTOM|3|404646140002|COTES DU RHONE
CUSTOM|3|404646140003|PROVENCE
CUSTOM|3|404646140004|CORSE
CUSTOM|3|404646140005|BORDEAUX
CUSTOM|3|404646140006|SUD-OUEST
CUSTOM|3|404646140007|VALLEE DE LA LOIRE
CUSTOM|3|404646140008|BEAUJOLAIS
CUSTOM|3|404646140009|BOURGOGNE
CUSTOM|3|404646140010|ALSACE
CUSTOM|3|404646140011|JURA
CUSTOM|3|404646140012|SAVOIE
CUSTOM|3|404646140013|CUVEE D EXCEPTION
CUSTOM|3|404646140014|ETRANGERS
CUSTOM|3|404646160001|APERITIFS ANISES
CUSTOM|3|404646160002|APERITIFS ROUGES
CUSTOM|3|404646160003|APERITIFS BLANCS
CUSTOM|3|404646160004|APERITIFS ROSES
CUSTOM|3|404646180001|VINS DOUX NATURELS
CUSTOM|3|404646180002|VINS DE LIQUEURS
CUSTOM|3|404646180003|AMERS ET GENTIANE
CUSTOM|3|404646180004|PORTOS
CUSTOM|3|404646200001|DIVERS NON ALCOOLISES
CUSTOM|3|404646220001|ALCOOLS FANTAISIES
CUSTOM|3|404646220002|RHUMS
CUSTOM|3|404646220003|WHISKIES BOURBONS
CUSTOM|3|404646220004|TEQ GIN VOD/ALCOOLS ETRANGERS
CUSTOM|3|404646220005|LIQUEURS
CUSTOM|3|404646220006|COGNAC ET ARMAGNAC
CUSTOM|3|404646220007|PUNCHS ET COCKTAILS
CUSTOM|3|404646220008|FRUITS A L EAU DE VIE
CUSTOM|3|404646220009|CREMES DE FRUITS
CUSTOM|3|404646240001|VRAC BOISSON NON ALCOLLISEE
CUSTOM|3|404646250001|VRAC BIERE ET CIDRE
CUSTOM|3|404646260001|VRAC VINS
CUSTOM|3|404646280001|VRAC ALCOOLS
CUSTOM|3|404848000001|SAVONS
CUSTOM|3|404848000002|LESSIVES
CUSTOM|3|404848000003|ADOUCISSANTS
CUSTOM|3|404848000004|DETACHANTS / SOINS DU LINGE
CUSTOM|3|404848000005|NON AFFECTE
CUSTOM|3|404848000006|NON AFFECTE
CUSTOM|3|404848000007|PRODUITS DE LESSIVAGE
CUSTOM|3|404848020001|NETTOYANT MENAGER
CUSTOM|3|404848020002|PRODUITS SOLS ET MEUBLES
CUSTOM|3|404848020003|ENTRETIEN DES METAUX ET VITRES
CUSTOM|3|404848020004|ENTRETIEN WC
CUSTOM|3|404848020005|ENTRETIEN CUIRS ET CHAUSSURES
CUSTOM|3|404848020006|DESODORISANTS
CUSTOM|3|404848020007|PRODUITS FEUX
CUSTOM|3|404848020008|COMBUSTIBLES SOLIDES
CUSTOM|3|404848020009|PRODUIT ELEMENTAIRE ENTRETIEN
CUSTOM|3|404848020010|PRODUITS VAISSELLE
CUSTOM|3|404848020011|EAU DE JAVEL
CUSTOM|3|404848020012|INSECTICIDES
CUSTOM|3|404848030001|VRAC PRODUIT ENTRETIEN SOLIDE
CUSTOM|3|404848040001|EPONGES DE MENAGE TORCHONS
CUSTOM|3|404848040002|EMBALLAGES MENAGERS
CUSTOM|3|404848040003|ESSUIE TOUT
CUSTOM|3|404848050001|VRAC PRODUIT ENTRETIEN LIQUIDE
CUSTOM|3|404848060001|SERVIETTE HYGIENIQUE
CUSTOM|3|404848060002|PROTEGE SLIP
CUSTOM|3|404848060003|TAMPON
CUSTOM|3|404848060004|INCONTINENCE
CUSTOM|3|404848060005|HYGIENE INTIME
CUSTOM|3|404848070001|VRAC HYGIENE INTIME
CUSTOM|3|404848080001|COUCHE
CUSTOM|3|404848080002|LINGETTE
CUSTOM|3|404848080003|TOILETTE DU BEBE
CUSTOM|3|404848090001|PAPIERS HYGIENIQUES
CUSTOM|3|404848100001|MOUCHOIR
CUSTOM|3|404848100002|NON AFFECTE
CUSTOM|3|404848120001|SAVON DE TOILETTE
CUSTOM|3|404848120002|BAIN / DOUCHE
CUSTOM|3|404848120003|NON AFFECTE
CUSTOM|3|404848120004|NON AFFECTE
CUSTOM|3|404848120005|NON AFFECTE
CUSTOM|3|404848120006|DEODORANTS
CUSTOM|3|404848120007|NON AFFECTE
CUSTOM|3|404848120008|NON AFFECTE
CUSTOM|3|404848120009|NON AFFECTE
CUSTOM|3|404848120010|NON AFFECTE
CUSTOM|3|404848130001|SHAMPOING / APRES SHAMPOING
CUSTOM|3|404848130002|COLORATION
CUSTOM|3|404848130003|PRODUITS COIFFANTS ET LAQUES
CUSTOM|3|404848140001|COTON A DEMAQUILLER
CUSTOM|3|404848140002|COTON PRE DECOUPE
CUSTOM|3|404848140003|COTON TIGE
CUSTOM|3|404848140004|COTON BEBE
CUSTOM|3|404848160001|NON AFFECTE
CUSTOM|3|404848160002|PRODUITS SOLAIRES
CUSTOM|3|404848160003|PRODUITS DE BEAUTE
CUSTOM|3|404848160004|DEMAQUILLANTS ET DISSOLVANTS
CUSTOM|3|404848160005|NON AFFECTE
CUSTOM|3|404848160006|NON AFFECTE
CUSTOM|3|404848170001|ACCESS. COIFFANTS / TOILETTES
CUSTOM|3|404848180001|MAQUILLAGE DES LEVRES
CUSTOM|3|404848180002|MAQUILLAGE DES YEUX
CUSTOM|3|404848180003|MAQUILLAGE DU VISAGE
CUSTOM|3|404848180004|MAQUILLAGE CORPS ET ONGLES
CUSTOM|3|404848180005|MAQUILLAGE COFFRETS
CUSTOM|3|404848200001|BROSSES A DENTS
CUSTOM|3|404848200002|DENTIFRICES
CUSTOM|3|404848200003|EAUX DENTAIRES
CUSTOM|3|404848200004|NETTOYANTS ET FIXATIFS
CUSTOM|3|404848200005|ACCESSOIRES
CUSTOM|3|404848220001|RASAGE FEMININ
CUSTOM|3|404848220002|DEPILATOIRES
CUSTOM|3|404848240001|EAU DE TOILETTE FEMMES
CUSTOM|3|404848240002|EAU DE TOILETTE ENFANTS
CUSTOM|3|404848240003|EAU DE COLOGNE
CUSTOM|3|404848260001|SOINS DE LA BARBE
CUSTOM|3|404848260002|EAU DE TOILETTE HOMME
CUSTOM|3|404848260003|BEAUTE HOMME
CUSTOM|3|404848260004|CAPILLAIRE HOMME
CUSTOM|3|404848260005|DEODORANTS HOMME
CUSTOM|3|404848260006|GEL DOUCHE HOMME
CUSTOM|3|404848280001|PREMIERS SOINS
CUSTOM|3|404848280002|DERMATOLOGIE
CUSTOM|3|404848280003|ACCESSOIRES INTIMES
CUSTOM|3|404848280004|ACCESSOIRES DE PARA
CUSTOM|3|404848300001|VRAC HYGIENE BEAUTE LIQUIDE
CUSTOM|3|404848310001|VRAC HYGIENE BEAUTE SOLIDE
CUSTOM|3|404848320001|BIO PARFUMERIE
CUSTOM|3|404949000001|DESTOCKAGE SEC LS
CUSTOM|3|404949020001|ANIMATION SEC LS
CUSTOM|3|505050000001|CHAUSSURES BEBE
CUSTOM|3|505050000002|PANTOUFLES BEBE
CUSTOM|3|505050000003|SPORT / LOISIRS BEBE
CUSTOM|3|505050000004|BOTTE/PLUIE/NEIGE BEBE
CUSTOM|3|505050020001|CHAUSSURES ENFANT
CUSTOM|3|505050020002|PANTOUFLES ENFANT
CUSTOM|3|505050020003|SPORT / LOISIRS ENFANT
CUSTOM|3|505050020004|BOTTE/PLUIE/NEIGE ENFANT
CUSTOM|3|505050040001|CHAUSSURES FEMME
CUSTOM|3|505050040002|PANTOUFLES FEMME
CUSTOM|3|505050040003|SPORT / LOISIRS FEMME
CUSTOM|3|505050040004|BOTTE/PLUIE/NEIGE FEMME
CUSTOM|3|505050060001|CHAUSSURES HOMME
CUSTOM|3|505050060002|PANTOUFLES HOMME
CUSTOM|3|505050060003|SPORT / LOISIRS HOMME
CUSTOM|3|505050060004|BOTTE/PLUIE/NEIGE HOMME
CUSTOM|3|505050080001|MERCERIE
CUSTOM|3|505050100001|SEMELLE & ACC CHAUSSANT
CUSTOM|3|505050120001|CHAPELLERIE ACCESSOIRE LAYETTE
CUSTOM|3|505050120002|CHAPELLERIE ACCESSOIRE ENFANT
CUSTOM|3|505050120003|CHAPELLERIE ACCESSOIRE FEMME
CUSTOM|3|505050120004|CHAPELLERIE ACCESSOIRE HOMME
CUSTOM|3|505050120005|ACCESSOIRES BIJOUX
CUSTOM|3|505050120006|LUNETTES DE SOLEIL
CUSTOM|3|505050120007|LUNETTES DE VUE
CUSTOM|3|505050120008|PARAPLUIES
CUSTOM|3|505050120009|SAC A MAIN/SAC DE PLAGE
CUSTOM|3|505050120010|PETITE MAROQUINERIE
CUSTOM|3|505050130001|HORLOGERIE PRECIEUSE
CUSTOM|3|505050130002|MONTRES
CUSTOM|3|505050130003|BIJOUTERIE FANTAISIE
CUSTOM|3|505050130004|BIJOUTERIE PRECIEUSE
CUSTOM|3|505050130005|CADEAUX
CUSTOM|3|505050140001|BIBERONNERIE
CUSTOM|3|505050140002|REPAS
CUSTOM|3|505050140003|SOINS MATERNITE
CUSTOM|3|505050140004|SECURITE PREVENTION
CUSTOM|3|505050140005|JOUET 1ER AGE/EVEIL
CUSTOM|3|505050140006|BOITES CADEAUX
CUSTOM|3|505050140007|CONFORT DEPLACEMENT
CUSTOM|3|505050140008|SOMMEIL
CUSTOM|3|505050160001|MOBILIER
CUSTOM|3|505050160002|SECURITE AUTO
CUSTOM|3|505050160003|VEHICULE ROULANT
CUSTOM|3|505050180001|SOUS VETEMENTS LAYETTE
CUSTOM|3|505050180002|SOUS VETEMENTS ENF FILLE
CUSTOM|3|505050180003|SOUS VETEMENTS ENF GARCON
CUSTOM|3|505050180004|SOUS VETEMENTS JUNIOR FILLE
CUSTOM|3|505050180005|SOUS VETEMENTS JUNIOR GARCON
CUSTOM|3|505050180006|SOUS VETEMENTS FEMME
CUSTOM|3|505050180007|SOUS VETEMENTS HOMME
CUSTOM|3|505050200001|COLLANTS
CUSTOM|3|505050200002|BAS UP
CUSTOM|3|505050200003|MI-BAS
CUSTOM|3|505050200004|SOCQUETTES POLYAMIDE
CUSTOM|3|505050200005|COLLANTS SANS PIEDS
CUSTOM|3|505050220001|CHAUSSETTES/COLLANTS LAYETTE
CUSTOM|3|505050220002|CHAUSSETTES/COLLANTS ENFANT
CUSTOM|3|505050220003|CHAUSSETTES COLLANTS JUNIOR
CUSTOM|3|505050220004|CHAUSSETTES FEMME
CUSTOM|3|505050220005|CHAUSSETTES HOMME
CUSTOM|3|505050240001|TS / POLO / SOUS PULL  (LF)
CUSTOM|3|505050240002|PULL/GILETS/SWEAT  (LF)
CUSTOM|3|505050240003|CHEMISIER/ TUNIQUE  (LF)
CUSTOM|3|505050240004|PANTALON/SHORT  (LF)
CUSTOM|3|505050240005|JUPE  (LF)
CUSTOM|3|505050240006|ROBE  (LF)
CUSTOM|3|505050240007|ENSEMBLE / THEME  (LF)
CUSTOM|3|505050240008|GROSSE CONFECTION  (LF)
CUSTOM|3|505050240009|SPORT  (LF)
CUSTOM|3|505050240010|NUIT  (LF)
CUSTOM|3|505050250001|TS / POLO / SOUS PULL (LG)
CUSTOM|3|505050250002|PULL/GILETS/SWEAT  (LG)
CUSTOM|3|505050250003|CHEMISE  (LG)
CUSTOM|3|505050250004|PANTALON/SHORT  (LG)
CUSTOM|3|505050250005|NON AFFECTE
CUSTOM|3|505050250006|NON AFFECTE
CUSTOM|3|505050250007|ENSEMBLE /THEME  (LG)
CUSTOM|3|505050250008|GROSSE CONFECTION  (LG)
CUSTOM|3|505050250009|SPORT  (LG)
CUSTOM|3|505050250010|NUIT  (LG)
CUSTOM|3|505050260001|TS POLO SOUS PULL  ( EF)
CUSTOM|3|505050260002|PULL/GILET/SWEAT  (EF)
CUSTOM|3|505050260003|CHEMISIER/ TUNIQUE  (EF)
CUSTOM|3|505050260004|PANTALON / SHORT  (EF)
CUSTOM|3|505050260005|JUPE  (EF)
CUSTOM|3|505050260006|ROBE  (EF)
CUSTOM|3|505050260007|ENSEMBLE / THEME  (EF)
CUSTOM|3|505050260008|GROSSE CONFECTION  (EF)
CUSTOM|3|505050260009|SPORT  (EF)
CUSTOM|3|505050260010|NUIT  (EF)
CUSTOM|3|505050270001|TS POLO SOUS PULL  ( JF)
CUSTOM|3|505050270002|PULL/GILET/SWEAT  ( JF)
CUSTOM|3|505050270003|CHEMISIER/ TUNIQUE  (JF)
CUSTOM|3|505050270004|PANTALON / SHORT  (JF)
CUSTOM|3|505050270005|JUPE  (JF)
CUSTOM|3|505050270006|ROBE  (JF)
CUSTOM|3|505050270007|ENSEMBLE/THEME/TAILLEUR (JF)
CUSTOM|3|505050270008|GROSSE CONFECTION  (JF)
CUSTOM|3|505050270009|SPORT  (JF)
CUSTOM|3|505050270010|NUIT  (JF)
CUSTOM|3|505050280001|TS POLO SOUS PULL (EG)
CUSTOM|3|505050280002|PULL/GILETS/SWEAT (EG)
CUSTOM|3|505050280003|CHEMISE  (EG)
CUSTOM|3|505050280004|PANTALON / SHORT  (EG)
CUSTOM|3|505050280005|NON AFFECTE
CUSTOM|3|505050280006|NON AFFECTE
CUSTOM|3|505050280007|ENSEMBLE/THEME/COSTUME (EG)
CUSTOM|3|505050280008|GROSSE CONFECTION  (EG)
CUSTOM|3|505050280009|SPORT  (EG)
CUSTOM|3|505050280010|NUIT  (EG)
CUSTOM|3|505050290001|TS POLO SOUS PULL  (JG)
CUSTOM|3|505050290002|PULL/GILETS/SWEAT  (JG)
CUSTOM|3|505050290003|CHEMISE  (JG)
CUSTOM|3|505050290004|PANTALON / SHORT  (JG)
CUSTOM|3|505050290005|NON AFFECTE
CUSTOM|3|505050290006|NON AFFECTE
CUSTOM|3|505050290007|ENSEMBLE/THEME/COSTUME (JG)
CUSTOM|3|505050290008|GROSSE CONFECTION  (JG)
CUSTOM|3|505050290009|SPORT  (JG)
CUSTOM|3|505050290010|NUIT  (JG)
CUSTOM|3|505050300001|TS / POLO/SOUS PULL  (F)
CUSTOM|3|505050300002|PULL / GILETS / SWEAT  (F)
CUSTOM|3|505050300003|CHEMISIER/ TUNIQUE  (F)
CUSTOM|3|505050300004|PANTALON / SHORT  (F)
CUSTOM|3|505050300005|JUPE  (F)
CUSTOM|3|505050300006|ROBE  (F)
CUSTOM|3|505050300007|ENSEMBLE/THEME/TAILLEUR (F)
CUSTOM|3|505050300008|GROSSE CONFECTION  (F)
CUSTOM|3|505050300009|SPORT  (F)
CUSTOM|3|505050300010|NUIT  (F)
CUSTOM|3|505050300011|NON AFFECTE
CUSTOM|3|505050310001|TS / POLO/SOUS PULL  (GT F)
CUSTOM|3|505050310002|PULL / GILETS / SWEAT  (GT F)
CUSTOM|3|505050310003|CHEMISIER/ TUNIQUE  (GT F)
CUSTOM|3|505050310004|PANTALON / SHORT  (GT F)
CUSTOM|3|505050310005|JUPE  (GT F)
CUSTOM|3|505050310006|ROBE  (GT F)
CUSTOM|3|505050310007|ENSEMBLE/THEME/TAILLEUR (GT F)
CUSTOM|3|505050310008|GROSSE CONFECTION  (GT F)
CUSTOM|3|505050310009|SPORT  (GT F)
CUSTOM|3|505050310010|NUIT  (GT F)
CUSTOM|3|505050320001|TS / POLO/SOUS PULL  (H)
CUSTOM|3|505050320002|PULL / GILETS / SWEAT (H)
CUSTOM|3|505050320003|CHEMISE  (H)
CUSTOM|3|505050320004|PANTALON / SHORT  (H)
CUSTOM|3|505050320005|NON AFFECTE
CUSTOM|3|505050320006|NON AFFECTE
CUSTOM|3|505050320007|ENSEMBLE/THEME/COSTUME (H)
CUSTOM|3|505050320008|GROSSE CONFECTION  (H)
CUSTOM|3|505050320009|SPORT  (H)
CUSTOM|3|505050320010|NUIT  (H)
CUSTOM|3|505050330001|TS / POLO  (GT H)
CUSTOM|3|505050330002|PULL / GILETS / SWEAT  (GT H)
CUSTOM|3|505050330003|CHEMISE  (GT H)
CUSTOM|3|505050330004|PANTALON / SHORT  (GT H)
CUSTOM|3|505050330005|NON AFFECTE
CUSTOM|3|505050330006|NON AFFECTE
CUSTOM|3|505050330007|ENSEMBLE/THEME/COSTUME (GT H)
CUSTOM|3|505050330008|GROSSE CONFECTION  (GT H)
CUSTOM|3|505050330009|SPORT  (GT H)
CUSTOM|3|505050330010|NUIT  (GT H)
CUSTOM|3|505050340001|LINGE DE LIT
CUSTOM|3|505050340002|PROTECTION LITERIE
CUSTOM|3|505050340003|OREILLER / TRAVERSIN
CUSTOM|3|505050340004|PLAID/COUVERTURE/COUVRE LIT
CUSTOM|3|505050340005|COUETTE
CUSTOM|3|505050360001|LINGE DE TABLE
CUSTOM|3|505050360002|LINGE DE CUISINE
CUSTOM|3|505050360003|MOUCHOIR
CUSTOM|3|505050380001|EPONGE
CUSTOM|3|505050380002|DRAPS DE PLAGE
CUSTOM|3|505252000001|ACCESSOIRES ADULTE
CUSTOM|3|505252020001|ACCESSOIRES ENFANT
CUSTOM|3|505252040001|BAIN
CUSTOM|3|505252060001|CHAUSSETTES ENFANT
CUSTOM|3|505252080001|CHAUSSETTES ADULTE
CUSTOM|3|505252100001|DENIM ADULTE
CUSTOM|3|505252120001|GROSSE CONFECTION ADULTE
CUSTOM|3|505252140001|BEBE
CUSTOM|3|505252160001|LINGE DE NUIT
CUSTOM|3|505252180001|VETEMENTS ENFANT
CUSTOM|3|505252200001|VETEMENTS FEMME
CUSTOM|3|505252220001|VETEMENTS HOMME
CUSTOM|3|505252240001|GROSSE CONFECTION ENFANT
CUSTOM|3|505454000001|CORNER CLAIRE S
CUSTOM|3|505454020001|CORNER RAND
CUSTOM|3|505555000001|DESTOCKAGE TEXTILE
CUSTOM|3|505858000001|ANIMATION TEXTILE
CUSTOM|3|606060000001|MOBILIER
CUSTOM|3|606060000002|VOILAGES ET ACCESSOIRES
CUSTOM|3|606060000003|LITERIE
CUSTOM|3|606060000004|DECORATION
CUSTOM|3|606060000005|ACCESSOIRES CHEMINEE
CUSTOM|3|606060000006|TAPIS
CUSTOM|3|606060000007|AUTRES REVETEMENTS
CUSTOM|3|606060000008|RANGEMENT MOBILIER
CUSTOM|3|606060010001|CADRES ET SOUS VERRES
CUSTOM|3|606060010002|ALBUMS PHOTOS ET CLASSEURS
CUSTOM|3|606060010003|DECORATION MURALE
CUSTOM|3|606060020001|NON AFFECTE
CUSTOM|3|606060020002|NON AFFECTE
CUSTOM|3|606060020003|LAMPES ECLAIRAGES
CUSTOM|3|606060020004|APPLIQUES LUSTRES PLAFONNIERS
CUSTOM|3|606060020005|LAMPADAIRES LAMPES A SECTEUR
CUSTOM|3|606060020006|CHANDELIERS ABATS JOUR
CUSTOM|3|606060020007|NON AFFECTE
CUSTOM|3|606060020008|NON AFFECTE
CUSTOM|3|606060030001|HALOGENE
CUSTOM|3|606060030002|FLUOCMPACTES
CUSTOM|3|606060030003|LED
CUSTOM|3|606060030004|TUBE
CUSTOM|3|606060030005|ECLAIRAGE
CUSTOM|3|606060040001|NON AFFECTE
CUSTOM|3|606060040002|COMBUSTIBLES SOLIDES
CUSTOM|3|606060040003|COMBUSTIBLE GAZEUX
CUSTOM|3|606060040004|COMBUST. LIQUIDES DOMESTIQUES
CUSTOM|3|606060040005|CARBUR. LIQUIDES POUR VEHICULE
CUSTOM|3|606060050001|ALCALINES
CUSTOM|3|606060050002|RECHARGEABLE ET CHARGEURS
CUSTOM|3|606060050003|MINIATURE
CUSTOM|3|606060050004|TORCHES
CUSTOM|3|606060060001|QUINCAILLERIE
CUSTOM|3|606060060002|OUTILLAGE
CUSTOM|3|606060060003|PLOMBERIE/SANITAIRE/CHAUFFAGE
CUSTOM|3|606060060004|ELECTROPORTATIF
CUSTOM|3|606060060005|ACCESSOIRE ELECTROPORTATIF
CUSTOM|3|606060060006|GROS OUTILLAGE
CUSTOM|3|606060060007|MATERIAUX DE BRICOLAGE
CUSTOM|3|606060060008|ELECTRICITE
CUSTOM|3|606060060009|HYPERTERAPIE/ACC SALLE DE BAIN
CUSTOM|3|606060060010|ABSORBEUR D HUMIDITE
CUSTOM|3|606060060011|DOMOTIQUE
CUSTOM|3|606060070001|VRAC PILES
CUSTOM|3|606060080001|NON AFFECTE
CUSTOM|3|606060080002|SOLVANT
CUSTOM|3|606060080003|NON AFFECTE
CUSTOM|3|606060080004|DROGUERIE ENTRETIEN
CUSTOM|3|606060090001|VRAC AMPOULES
CUSTOM|3|606060100001|PROTECTION TRAITEMENT DU BOIS
CUSTOM|3|606060100002|PEINTURES
CUSTOM|3|606060100003|MATERIELS D'APPLICATION
CUSTOM|3|606060100004|ACC. PEINTURE ET TAPISSIER
CUSTOM|3|606060100005|COLLES/ENDUITS/MASTICS
CUSTOM|3|606060100006|VERNIS
CUSTOM|3|606060100007|NON AFFECTE
CUSTOM|3|606060110001|VRAC CARBURANT ET COMBUSTIBLE
CUSTOM|3|606060120001|OUTILS DE JARDIN
CUSTOM|3|606060120002|ARROSAGE
CUSTOM|3|606060120003|MOTOCULTURE
CUSTOM|3|606060120004|CONTENANT & DECORATION
CUSTOM|3|606060120005|EQUIPEMENT
CUSTOM|3|606060120006|ENGRAIS
CUSTOM|3|606060120007|TRAITEMENT
CUSTOM|3|606060120008|DESHERBANT
CUSTOM|3|606060120009|ANTI-NUISIBLE
CUSTOM|3|606060120010|GAZON GRAINES ET BULBES
CUSTOM|3|606060120011|AMENDEMENT & TERREAUX
CUSTOM|3|606060120012|VEGETAUX
CUSTOM|3|606060120013|NON AFFECTE
CUSTOM|3|606060140001|NON AFFECTE
CUSTOM|3|606060140002|NON AFFECTE
CUSTOM|3|606060140003|NON AFFECTE
CUSTOM|3|606060140004|NON AFFECTE
CUSTOM|3|606060140005|NON AFFECTE
CUSTOM|3|606060140006|NON AFFECTE
CUSTOM|3|606060140007|NON AFFECTE
CUSTOM|3|606060140008|NON AFFECTE
CUSTOM|3|606060140009|NON AFFECTE
CUSTOM|3|606060140010|NON AFFECTE
CUSTOM|3|606060160001|MOBILIER DE JARDIN
CUSTOM|3|606060160002|COUSSINERIE
CUSTOM|3|606060160003|TONNELLES ET PARASOLS
CUSTOM|3|606060160004|BARBECUES ET ACCESSOIRES
CUSTOM|3|606060160005|FROID
CUSTOM|3|606060160006|VAISSELLE DE CAMPING
CUSTOM|3|606060160007|TENTES
CUSTOM|3|606060160008|ACCESSOIRES CAMPING
CUSTOM|3|606060180001|LA PLAGE
CUSTOM|3|606060180002|JEUX D'EXTERIEUR
CUSTOM|3|606060180003|BALLONS
CUSTOM|3|606060180004|GROS JOUETS PLAIN AIR
CUSTOM|3|606060180005|NAUTIQUE PISCINE
CUSTOM|3|606060180006|TRAITEMENT PISC & ACC
CUSTOM|3|606060200001|VAISSELLE
CUSTOM|3|606060200002|VERRERIE
CUSTOM|3|606060200003|PETIT DEJEUNER
CUSTOM|3|606060200004|NON AFFECTE
CUSTOM|3|606060200005|DECORATION CADEAUX
CUSTOM|3|606060200006|AUTRE
CUSTOM|3|606060200007|COUVERTS ET MENAGERES
CUSTOM|3|606060200008|COMPLEMENT DE TABLE
CUSTOM|3|606060200009|VAISSELLE ENFANT
CUSTOM|3|606060200010|PLATEAUX ET SET DE TABLE
CUSTOM|3|606060210001|BOCAUX
CUSTOM|3|606060210002|TERRINES
CUSTOM|3|606060210003|ACCESSOIRES
CUSTOM|3|606060220001|ASSIETTES
CUSTOM|3|606060220002|SERVIETTES
CUSTOM|3|606060220003|COUVERTS ET MENAGERES
CUSTOM|3|606060220004|GOBELETS/TASSES/BOLS
CUSTOM|3|606060220005|NAPPES
CUSTOM|3|606060220006|ACCESSOIRES FESTIFS
CUSTOM|3|606060220007|PLATS
CUSTOM|3|606060230001|VRAC CONTENANTS
CUSTOM|3|606060240001|FILTRES A CAFE
CUSTOM|3|606060240002|ACCESSOIRES FILTRES A CAFE
CUSTOM|3|606060260001|ACCESSOIRES DE CUISINE
CUSTOM|3|606060260002|COUTELLERIE
CUSTOM|3|606060260003|USTENSILE CUISINE PENDERIE
CUSTOM|3|606060260004|NON AFFECTE
CUSTOM|3|606060260005|NON AFFECTE
CUSTOM|3|606060260006|ARTICLES DE CAVE
CUSTOM|3|606060270001|TOILE CIREE
CUSTOM|3|606060280001|BRIQUETS ACCESS
CUSTOM|3|606060280002|BOUGIES ENCENS
CUSTOM|3|606060290001|VRAC BOUGIES ENCENS BRIQUETS
CUSTOM|3|606060300001|NON AFFECTE
CUSTOM|3|606060300002|POELE/SAUTEUSE/CASSEROLE
CUSTOM|3|606060300003|AUTO CUISEUR - COCOTTE
CUSTOM|3|606060300004|BATTERIE DE CUISINE
CUSTOM|3|606060300005|PLATS A FOUR
CUSTOM|3|606060310001|MOULERIE
CUSTOM|3|606060310002|ACCESSOIRE DE PATISSERIE
CUSTOM|3|606060320001|NON AFFECTE
CUSTOM|3|606060320002|NON AFFECTE
CUSTOM|3|606060320003|NON AFFECTE
CUSTOM|3|606060340001|GANTS DE MENAGE
CUSTOM|3|606060340002|SERPILLERES
CUSTOM|3|606060340003|NON AFFECTE
CUSTOM|3|606060340004|BROSSERIE BALAIS
CUSTOM|3|606060340005|TAPIS PAILLASSONS
CUSTOM|3|606060360001|SECHANT
CUSTOM|3|606060360002|REPASSANT
CUSTOM|3|606060360003|VANNERIE OSIER
CUSTOM|3|606060360004|PINCES A LINGE
CUSTOM|3|606060360005|CINTRES
CUSTOM|3|606060360006|RANGEMENT
CUSTOM|3|606060380001|PLASTIQUE ALIMENTAIRE
CUSTOM|3|606060380002|PLASTIQUE DE RANGEMENT
CUSTOM|3|606060380003|PLASTIQUE MENAGER
CUSTOM|3|606060380004|PLASTIQUES POUBELLES
CUSTOM|3|606060400001|NON AFFECTE
CUSTOM|3|606060400002|NON AFFECTE
CUSTOM|3|606060400003|NON AFFECTE
CUSTOM|3|606060400004|NON AFFECTE
CUSTOM|3|606060400005|NON AFFECTE
CUSTOM|3|606060400006|NON AFFECTE
CUSTOM|3|606060400007|NON AFFECTE
CUSTOM|3|606060400008|NON AFFECTE
CUSTOM|3|606060400009|NON AFFECTE
CUSTOM|3|606060400010|NON AFFECTE
CUSTOM|3|606060400011|NON AFFECTE
CUSTOM|3|606060400012|LOISIRS CREATIFS
CUSTOM|3|606060420001|PELUCHES
CUSTOM|3|606060420002|1 ER AGE
CUSTOM|3|606060420003|FILLE
CUSTOM|3|606060420004|GARCON
CUSTOM|3|606060420005|EDUCATIF
CUSTOM|3|606060420006|MUSICAL
CUSTOM|3|606060420007|GROS JOUETS
CUSTOM|3|606060420008|SECHE PLEURS
CUSTOM|3|606060440001|SAPINS
CUSTOM|3|606060440002|DECORATIONS SAPIN
CUSTOM|3|606060440003|DECORATIONS DE L'INTERIEUR
CUSTOM|3|606060440004|GUIRLANDES ELEC. INTERIEUR
CUSTOM|3|606060440005|GUIRLANDES ELEC.EXTERIEUR
CUSTOM|3|606060440006|SILHOUETTE
CUSTOM|3|606060460001|TROUSSES DE VOYAGES/VANITY
CUSTOM|3|606060460002|PORTE DOCUMENTS SERVIETTES
CUSTOM|3|606060460003|VALISES
CUSTOM|3|606060460004|SACS DE VOYAGE
CUSTOM|3|606060460005|GROSSE MAROQUINERIE SCOLAIRE
CUSTOM|3|606060460006|FOURRE TOUT & TROUSSES
CUSTOM|3|606060460007|CANTINES
CUSTOM|3|606060480001|CHASSE
CUSTOM|3|606060480002|PECHE
CUSTOM|3|606060480003|APPATS VIVANTS
CUSTOM|3|606060480004|BALLONS DE SPORT
CUSTOM|3|606060480005|AUTRES SPORTS
CUSTOM|3|606060480006|ACCESSOIRES NAUTIQUE
CUSTOM|3|606060480007|CULTURE PHYSIQUE
CUSTOM|3|606060480008|SPORT LOISIR ET SERVICE
CUSTOM|3|606060480009|ACCESSOIRES CYCLES
CUSTOM|3|606060480010|CYCLES
CUSTOM|3|606060500001|MODIFICATION DE CARROSSERIE
CUSTOM|3|606060500002|JANTES ET ANTI VOLS DE ROUES
CUSTOM|3|606060500003|ENJOLIVEURS
CUSTOM|3|606060500004|EQUIPEMENTS DE VEHICULES 4X4
CUSTOM|3|606060500005|ELECTRICITE AUTO
CUSTOM|3|606060500006|PIECES TECHNIQUE AUTO
CUSTOM|3|606060500007|EQUIP. INTERIEUR AUTO
CUSTOM|3|606060500008|EQUIP. EXTERIEUR AUTO
CUSTOM|3|606060500009|OUTILLAGE AUTO
CUSTOM|3|606060500010|PNEUMATIQUE AUTO
CUSTOM|3|606060500011|PROD. D'ENTRETIEN
CUSTOM|3|606060500012|AUTO SON
CUSTOM|3|606060500013|DESODORISANT
CUSTOM|3|606060500014|GADGETS
CUSTOM|3|606060520001|LUBRIFIANTS
CUSTOM|3|606060520002|PROD. D'ENTRETIEN AUTO
CUSTOM|3|606060540001|CYCLOMOTEUR MOTO
CUSTOM|3|606060540002|EQUIP CYCLO MOTO
CUSTOM|3|606060540003|PRODUITS CYCLO MOTO
CUSTOM|3|606060560001|NON AFFECTE
CUSTOM|3|606060560002|NON AFFECTE
CUSTOM|3|606060560003|NON AFFECTE
CUSTOM|3|606060560004|NON AFFECTE
CUSTOM|3|606060560005|NON AFFECTE
CUSTOM|3|606060600001|NON AFFECTE
CUSTOM|3|606060600002|NON AFFECTE
CUSTOM|3|606060600003|NON AFFECTE
CUSTOM|3|606060600004|NON AFFECTE
CUSTOM|3|606060610001|NON AFFECTE
CUSTOM|3|606060620001|NON AFFECTE
CUSTOM|3|606060660001|STYLOS BILLE
CUSTOM|3|606060660002|ROLLER STYLO GEL
CUSTOM|3|606060660003|STYLOS PLUMES
CUSTOM|3|606060660004|CARTOUCHES ET ENCRE
CUSTOM|3|606060660005|MARQUEURS ET SURLIGNEURS
CUSTOM|3|606060660006|CORRECTEURS ET EFFACEURS
CUSTOM|3|606060660007|PORTES MINES
CUSTOM|3|606060660008|CRAYONS GRAPHITES
CUSTOM|3|606060660009|GOMMES
CUSTOM|3|606060660010|CRAYONS DE COULEUR
CUSTOM|3|606060660011|FEUTRE MARQUEUR DE COLORIAGE
CUSTOM|3|606060660012|PEINTURE ET GOUACHES
CUSTOM|3|606060660013|PEINCEAUX ET BROSSES
CUSTOM|3|606060660014|TAILLE CRAYONS
CUSTOM|3|606060660015|INSTRUMENTS TRACAGE ET MESURE
CUSTOM|3|606060660016|BATON ET POT DE COLLES
CUSTOM|3|606060660017|COLLES UNIVERSELLES EN TUBE
CUSTOM|3|606060660018|ADHESIFS ROULEAUX ET DEVIDOIRS
CUSTOM|3|606060660019|ETIQUETTES ECOLE ET OEILLETS
CUSTOM|3|606060660020|ACCESSOIRES BUREAU ECOLIERS
CUSTOM|3|606060660021|ACTIVITE MANUEL/COFF. COLORIAG
CUSTOM|3|606060680001|CAHIERS 17X22
CUSTOM|3|606060680002|CAHIERS 21X29.7
CUSTOM|3|606060680003|CAHIERS 24X32
CUSTOM|3|606060680004|CAHIERS TP/MUSIQUE/DESSIN
CUSTOM|3|606060680005|CAHIERS DE TEXTE
CUSTOM|3|606060680006|AGENDAS ET ACCESSOIRE
CUSTOM|3|606060680007|CARNETS ET REPERTOIRES
CUSTOM|3|606060680008|BLOCS PAPIERS
CUSTOM|3|606060680009|FEUILLETS MOBILES 17X22
CUSTOM|3|606060680010|FEUILLETS MOBILES 21X29.7
CUSTOM|3|606060680011|FEUILLETS MOBILES 24X32
CUSTOM|3|606060680012|COPIES DOUBLES
CUSTOM|3|606060680013|RAMETTES
CUSTOM|3|606060680014|PARPIERS DESSIN ET TECHNIQUE
CUSTOM|3|606060680015|CORRESPONDANCE
CUSTOM|3|606060700001|CLASSEURS 17X22
CUSTOM|3|606060700002|CLASSEURS 21X29.7
CUSTOM|3|606060700003|CLASSEURS 24X32
CUSTOM|3|606060700004|CLASSEURS A LEVIERS
CUSTOM|3|606060700005|INTERCALAIRES DE CLASSEMENT
CUSTOM|3|606060700006|DOSSIER/CHEMISE/SOUS CHEMISE
CUSTOM|3|606060700007|POCHETTES/ETUIS TRANSPARENTS
CUSTOM|3|606060700008|PROTEGE DOCUMENTS
CUSTOM|3|606060700009|PROTEGE CAHIERS ET ROULEAUX
CUSTOM|3|606060700010|PLANNINGS ET ACCESSOIRES
CUSTOM|3|606060700011|DIVERS CLASSEMENTS
CUSTOM|3|606060700012|ACCESSOIRES BUREAU
CUSTOM|3|606060720001|CALCULATRICES
CUSTOM|3|606060740001|LOISIRS CREATIFS
CUSTOM|3|606060760001|PAPIERS CADEAUX
CUSTOM|3|606060760002|ACCESSOIRES PAPIERS CADEAUX
CUSTOM|3|606060760003|SACS CADEAUX
CUSTOM|3|606060780001|CARTES POSTALES
CUSTOM|3|606060780002|CARTES DE VOEUX
CUSTOM|3|606060780003|CARTES D ANNIVERSAIRE
CUSTOM|3|606262000001|CAFETIERE FILTRE
CUSTOM|3|606262000002|GRILLE PAIN
CUSTOM|3|606262000003|PRESSE AGRUMES
CUSTOM|3|606262000004|BOUILLOIRE
CUSTOM|3|606262000005|MACHINE EXPRESSO/BROYEUR
CUSTOM|3|606262000006|CAFETIERE MULTIBOISSONS
CUSTOM|3|606262000007|CAFETIERE A CAPSULES
CUSTOM|3|606262020001|ROBOTS MULTIFONCTIONS
CUSTOM|3|606262020002|YAOURTIERES / SORBETIERES
CUSTOM|3|606262020003|NON AFFECTE
CUSTOM|3|606262020004|ROBOTS PATISSIERS
CUSTOM|3|606262020005|BLENDER CENTRIFUGEUSE
CUSTOM|3|606262020006|BATTEURS/MIXEURS
CUSTOM|3|606262020007|HACHOIRS
CUSTOM|3|606262020008|MACHINE A PAIN
CUSTOM|3|606262040001|MICRO ONDES
CUSTOM|3|606262040002|BARBECUE ELECTRIQUE / GRILLADE
CUSTOM|3|606262040003|RACLETTE/FONDUE/CREPIERE
CUSTOM|3|606262040004|NON AFFECTE
CUSTOM|3|606262040005|CUISEUR VAPEUR/RIZ/MIJOTEUR
CUSTOM|3|606262040006|FRITEUSE
CUSTOM|3|606262040007|MINI-FOURS
CUSTOM|3|606262040008|RECHAUD
CUSTOM|3|606262040009|CUISSON FESTIVE
CUSTOM|3|606262040010|AUTRE CUISSON PEM
CUSTOM|3|606262050001|SACS ASPIRATEURS
CUSTOM|3|606262050002|NON AFFECTE
CUSTOM|3|606262050003|ACCESSOIRES PEM
CUSTOM|3|606262050004|ACCESSOIRES ASPIRATEURS
CUSTOM|3|606262060001|FER A REPASSER
CUSTOM|3|606262060002|MACHINE A COUDRE
CUSTOM|3|606262060003|NON AFFECTE
CUSTOM|3|606262070001|CARAFE FILTRANTE
CUSTOM|3|606262070002|CARTOUCHES
CUSTOM|3|606262070003|MACHINE A SODA
CUSTOM|3|606262070004|CONCENTRE A SODA
CUSTOM|3|606262070005|TIREUSE A BIERE
CUSTOM|3|606262080001|ASPIRATEUR A SAC
CUSTOM|3|606262080002|NETTOYEUR VAPEUR
CUSTOM|3|606262080003|NON AFFECTE
CUSTOM|3|606262080004|ASPIRATEUR SANS SAC
CUSTOM|3|606262080005|ASPIRATEUR BALAI
CUSTOM|3|606262080006|ASPIRATEUR ROBOT
CUSTOM|3|606262080007|ASPIRATEUR A MAIN
CUSTOM|3|606262080008|AUTRE MACHINE DE NETTOYAGE
CUSTOM|3|606262090001|CLIMATISATION
CUSTOM|3|606262090002|VENTILATION
CUSTOM|3|606262090003|CHAUFFAGE
CUSTOM|3|606262100001|RASAGE/TONDEUSE HOMME
CUSTOM|3|606262100002|SOIN DU CHEVEUX
CUSTOM|3|606262100003|HYGIENE DENTAIRE
CUSTOM|3|606262100004|PESE PERSONNE
CUSTOM|3|606262100005|SOINS DU CORPS
CUSTOM|3|606262100006|SOIN DU VISAGE
CUSTOM|3|606262100007|THERMOMETRE/TENSIOMETRE
CUSTOM|3|606262100008|BALNEOTHERAPIE/LUMINOTHERAPIE
CUSTOM|3|606262100009|SANTE CONNECTE
CUSTOM|3|606262100010|AUTRES BEAUTE/BIEN ETRE
CUSTOM|3|606262100011|RASAGE/EPILATION FEMME
CUSTOM|3|606262110001|REFRIGERATEUR
CUSTOM|3|606262110002|CONGELATEUR
CUSTOM|3|606262110003|CAVE A VIN
CUSTOM|3|606262120001|LAVE LINGE
CUSTOM|3|606262120002|SECHE LINGE
CUSTOM|3|606262120003|LAVE VAISSELLE
CUSTOM|3|606262120004|NON AFFECTE
CUSTOM|3|606262120005|NON AFFECTE
CUSTOM|3|606262120006|NON AFFECTE
CUSTOM|3|606262120007|NON AFFECTE
CUSTOM|3|606262120008|NON AFFECTE
CUSTOM|3|606262120009|NON AFFECTE
CUSTOM|3|606262130001|CUISINIERES
CUSTOM|3|606262130002|PLAQUES
CUSTOM|3|606262130003|FOUR ENCASTRABLES
CUSTOM|3|606262130004|HOTTES
CUSTOM|3|606262140001|CHAINE/HIFI
CUSTOM|3|606262140002|NON AFFECTE
CUSTOM|3|606262140003|NON AFFECTE
CUSTOM|3|606262140004|RADIO REVEIL
CUSTOM|3|606262140005|NON AFFECTE
CUSTOM|3|606262140006|BALLADEUR AUDIO
CUSTOM|3|606262140007|NON AFFECTE
CUSTOM|3|606262140008|STATION ACCUEIL
CUSTOM|3|606262140009|RADIO
CUSTOM|3|606262140010|ENCEINTES
CUSTOM|3|606262140011|BALLADEUR VIDEO/MP4
CUSTOM|3|606262140012|CASQUES AUDIO
CUSTOM|3|606262160001|TELEVISION
CUSTOM|3|606262160002|VIDEO PROJECTEUR
CUSTOM|3|606262160003|NON AFFECTE
CUSTOM|3|606262160004|LECTEUR DVD SALON
CUSTOM|3|606262160005|DVD&TV PORTABLE / CADRE PHOTO
CUSTOM|3|606262160006|MEUBLE TV / HIFI
CUSTOM|3|606262160007|CAMESCOPE
CUSTOM|3|606262160008|SYSTEME HOME CINEMA
CUSTOM|3|606262170001|CONNECTIQUE AUDIO
CUSTOM|3|606262170002|CONNECTIQUE VIDEO
CUSTOM|3|606262170003|NON AFFECTE
CUSTOM|3|606262170004|RANGEMENTS AUDIO VIDEO
CUSTOM|3|606262170005|TELECOMMANDE/ACCESSOIRES
CUSTOM|3|606262180001|DECO. TNT / REC. SATELLITE
CUSTOM|3|606262180002|NON AFFECTE
CUSTOM|3|606262180003|TRANSMETTEUR VIDEO
CUSTOM|3|606262180004|NON AFFECTE
CUSTOM|3|606262180005|NON AFFECTE
CUSTOM|3|606262190001|ALARMES
CUSTOM|3|606262200001|SUPPORT VIERGE
CUSTOM|3|606262200002|DISQUE DUR / GRAVEUR
CUSTOM|3|606262200003|CLEF USB
CUSTOM|3|606262200004|CARTE MEMOIRE
CUSTOM|3|606262220001|GPS
CUSTOM|3|606262220002|MONTRE GPS
CUSTOM|3|606262220003|AUTRES PRODUITS NOMADES
CUSTOM|3|606262220004|PRODUITS CONNECTES
CUSTOM|3|606262240001|ECRAN ORDINATEUR
CUSTOM|3|606262240002|PC BUREAU
CUSTOM|3|606262240003|PC PORTABLE
CUSTOM|3|606262240004|TABLETTES TACTILES
CUSTOM|3|606262260001|IMPRIMANTE / SCANNER
CUSTOM|3|606262260002|NON AFFECTE
CUSTOM|3|606262280001|SOURIS / CLAVIERS
CUSTOM|3|606262280002|WEBCAM
CUSTOM|3|606262280003|RESEAU / WIFI
CUSTOM|3|606262280004|AUTRE ACCESSOIRE INFORMATIQUE
CUSTOM|3|606262280005|CONNECTIQUE INFORMATIQUE
CUSTOM|3|606262280006|NON AFFECTE
CUSTOM|3|606262280007|NON AFFECTE
CUSTOM|3|606262280008|ACCESSOIRES TABLETTES
CUSTOM|3|606262280009|BAGAGERIE PC
CUSTOM|3|606262300001|CARTOUCHES D ENCRE
CUSTOM|3|606262300002|PAPIER PHOTO
CUSTOM|3|606262320001|TELEPHONIE FILAIRE DECT FAX
CUSTOM|3|606262320002|TELEPHONIE MOBILE
CUSTOM|3|606262320003|NON AFFECTE
CUSTOM|3|606262320004|NON AFFECTE
CUSTOM|3|606262320005|ACCESSOIRES TELEPHONIE
CUSTOM|3|606262340001|APP PHOTO
CUSTOM|3|606262340002|NON AFFECTE
CUSTOM|3|606262340003|NON AFFECTE
CUSTOM|3|606262340004|ACCESSOIRES
CUSTOM|3|606262360001|FILMS
CUSTOM|3|606262360002|PAP
CUSTOM|3|606262360003|NON AFFECTE
CUSTOM|3|606262380001|LIVRAISON
CUSTOM|3|606262380002|INTERVENTION DOMICILE
CUSTOM|3|606262380003|LOCATION / LIVRAISON DOMICILE
CUSTOM|3|606262400001|MAIN D'OEUVRE BLANC
CUSTOM|3|606262400002|MAIN D'OEUVRE BRUN
CUSTOM|3|606262400003|MAIN D'OEUVRE INFORMATIQUE
CUSTOM|3|606262400004|DIVERS ACCESSOIRES
CUSTOM|3|606262420001|PIECES DETACHEES BLANC
CUSTOM|3|606262420002|PIECES DETACHEES BRUN
CUSTOM|3|606262420003|PIECES DETACHEES INFO
CUSTOM|3|606262440001|EXTENTION BLANC
CUSTOM|3|606262440002|EXTENTION BRUN
CUSTOM|3|606262440003|EXTENTION INFORMATIQUE
CUSTOM|3|606464000001|LITTERATURE
CUSTOM|3|606464020001|DICO & PARA SCOLAIRE
CUSTOM|3|606464040001|BANDES DESSINEES
CUSTOM|3|606464060001|LIVRES DE POCHE
CUSTOM|3|606464080001|TOURISME
CUSTOM|3|606464100001|VIE PRATIQUE
CUSTOM|3|606464120001|ACTIVITE COLORIAGE
CUSTOM|3|606464130001|ALBUMS JEUNESSE
CUSTOM|3|606464140001|CD 2 TITRES
CUSTOM|3|606464160001|CD
CUSTOM|3|606464180001|DVD
CUSTOM|3|606464200001|DVD PORNOGRAPHIQUE & VIOLENT
CUSTOM|3|606464220001|CONSOLE
CUSTOM|3|606464240001|JEUX CONSOLE
CUSTOM|3|606464260001|CD ROM
CUSTOM|3|606464280001|ACCESSOIRES DE JEUX
CUSTOM|3|606464300001|JOURNAUX PRESSE EXO
CUSTOM|3|606565000001|DESTOCKAGE BAZAR
CUSTOM|3|606666000001|LIVRAISON
CUSTOM|3|606666020001|PREPARATION DE COMMANDE
CUSTOM|3|606666040001|SACHERIE A VENDRE
CUSTOM|3|606666060001|LOCATION DE MATERIEL
CUSTOM|3|606666070001|CARTE KDO PRO NAT ET LOCAL
CUSTOM|3|606666080001|CARTE KDO CLIENT
CUSTOM|3|606666100001|CARTES CADEAUX
CUSTOM|3|606666100002|CARTES CADEAUX PRIX A SAISIR
CUSTOM|3|606666120001|COFFRETS CADEAUX
CUSTOM|3|606666120002|COFFRETS CADEAUX PRIX A SAISIR
CUSTOM|3|606666140001|ABONNEMENT SATELLITE
CUSTOM|3|606666140002|ABONNEMENT GSM
CUSTOM|3|606666140003|ABONNEMENT ADSL
CUSTOM|3|606666160001|PRE TIMBRE
CUSTOM|3|606666180001|TIMBRE POSTE
CUSTOM|3|606666190001|LA POSTE RELAIS
CUSTOM|3|606666200001|DEVELOPPEMENT PHOTO
CUSTOM|3|606666220001|RECHARGE ORANGE
CUSTOM|3|606666220002|RECHARGE SFR
CUSTOM|3|606666220003|RECHARGE BOUYGUES
CUSTOM|3|606666220004|RECHARGE VIRGIN MOBIL
CUSTOM|3|606666220005|AUTRES RECHARCHES
CUSTOM|3|606666220006|RETOUR RECHARGE TEL
CUSTOM|3|606666240001|CARTE TELEPHONIQUE
CUSTOM|3|606666260001|FID PLAN DE RECRUTEMENT LOCAL
CUSTOM|3|606666280001|BORNE DE RECHARGE ELECTRIQUE
CUSTOM|3|606868000001|ANIMATION BAZAR
CUSTOM|3|707001910001|DECONSIGNES
CUSTOM|3|707001920001|CONSIGNES
CUSTOM|3|707070000001|CEM
CUSTOM|3|808080300001|BORNE DE RECHARGE ELECTRIQUE
CUSTOM|3|809292000001|VEHICULE 7 M3
CUSTOM|3|809292000002|MINI UTILITAIRE
CUSTOM|3|809292010001|VEHICULE 2/3 M3
CUSTOM|3|809292020001|VEHICULE 12 M3
CUSTOM|3|809292030001|VEHICULE 15 / 17 M3
CUSTOM|3|809292040001|VEHICULE 20 M3
CUSTOM|3|809292040002|VEHICULE 20 M3 HAYON
CUSTOM|3|809292050001|CAMION BENNE
CUSTOM|3|809292050002|NON AFFECTE
CUSTOM|3|809292060001|KIT DEMENAGEMENT
CUSTOM|3|809292060002|ACCESSOIRES DIVERS LOCATION
CUSTOM|3|809292070001|UTILITAIRE RACHAT DE FRANCHISE
CUSTOM|3|809292080001|VEHICULE ELECTRIQUE
CUSTOM|3|809292080002|VEHICULE SANS PERMIS
CUSTOM|3|809292080003|PETITE CITADINE
CUSTOM|3|809292080004|GRANDE CITADINE
CUSTOM|3|809292080005|FUN
CUSTOM|3|809292080006|VEHICULE TPMR
CUSTOM|3|809292090001|PART. RACHAT DE FRANCHISE
CUSTOM|3|809292100001|LLD PETIT MODELE
CUSTOM|3|809292100002|LLD MOYEN MODELE
CUSTOM|3|809292100003|LLD GRAND MODELE
CUSTOM|3|809292100004|LLD TRES GRAND MODELE
CUSTOM|3|809292120001|LLD PT VEH ENTRETIEN
CUSTOM|3|809292120002|LLD MOYEN VEH ENTRETIEN
CUSTOM|3|809292120003|LLD GD VEH ENTRETIEN
CUSTOM|3|809292120004|LLD TR GD VEH ENTRETIEN
CUSTOM|3|809292120005|LLD PT VEH PNEUMATIQUE
CUSTOM|3|809292120006|LLD MOYEN  VEH PNEUMATIQUE
CUSTOM|3|809292120007|LLD GR VEH PNEUMATIQUE
CUSTOM|3|809292120008|LLD TR GD VEH PNEUMATIQUE
CUSTOM|3|809292120009|LLD PT VEH GARANTIE COND
CUSTOM|3|809292120010|LLD MOYEN VEH GARANTIE COND
CUSTOM|3|809292120011|LLD GR VEH GARANTIE COND
CUSTOM|3|809292120012|LLD TR GRD VEH GARANTIE COND
CUSTOM|3|809292140001|LLD RACHAT DE FRANCHISE
CUSTOM|3|809292160001|VEHICULE 20 M 3 HAYON
CUSTOM|3|809292180001|CAMION FRIGO
CUSTOM|3|809292200001|NACELLE
CUSTOM|3|809292200002|VAN A CHEVAUX
CUSTOM|3|809292200003|REMORQUE FRIGO
CUSTOM|3|809292220001|VEHICULE PARTICULIER ECO
CUSTOM|3|809292240001|VEHICULE PARTICULIER TOURISME
CUSTOM|3|809292260001|VEHICULE PARTICULIER 7 PLACES
CUSTOM|3|809292280001|VEHICULE PARTICULIER 9 PLACES
CUSTOM|3|809292300001|VEHICULE PARTICULIER FUN
CUSTOM|3|809292320001|VEHICULE PARTICULIER ELEC
CUSTOM|3|809292340001|LLD GARANTIE CONDUCTEUR
CUSTOM|3|809292600001|MATERIEL CULINAIRE
CUSTOM|3|809292620001|MATERIEL FESTIF
CUSTOM|3|809292640001|MATERIEL SON ET IMAGE
CUSTOM|3|809292660001|MATERIEL PUERICULTURE
CUSTOM|3|809292680001|MATERIEL BRICOLAGE
CUSTOM|3|809292700001|MATERIEL FAMILIAL
CUSTOM|3|809292720001|AUTRES MATERIELS
CUSTOM|3|809494000001|SAVON DE TOILETTE
CUSTOM|3|809494020001|BAIN DOUCHE PARFUME
CUSTOM|3|809494020002|BAIN DOUCHE PEAU SENSIBLE
CUSTOM|3|809494020003|PRODUITS POUR LE BAIN
CUSTOM|3|809494040001|SHAMPOING
CUSTOM|3|809494040002|APRES SHAMPOING
CUSTOM|3|809494040003|SOINS TRAITEMENTS
CUSTOM|3|809494040004|SOINS COLORANTS
CUSTOM|3|809494060001|PRODUITS DE RASAGE
CUSTOM|3|809494060002|APRES RASAGE
CUSTOM|3|809494060003|ACCESSOIRES
CUSTOM|3|809494060004|GAMME HOMME
CUSTOM|3|809494080001|DENTIFRICES
CUSTOM|3|809494080002|EAUX DENTAIRES
CUSTOM|3|809494080003|SOINS
CUSTOM|3|809494080004|BROSSES A DENTS
CUSTOM|3|809494080005|ACCESSOIRES
CUSTOM|3|809494080006|HYGIENE APPAREILS DENTAIRES
CUSTOM|3|809494100001|DEODORANTS
CUSTOM|3|809494100002|ANTITRANSPIRANT
CUSTOM|3|809494120001|DEPILATOIRES
CUSTOM|3|809494120002|DECOLORANTS
CUSTOM|3|809494140001|ANTI MOUSTIQUES
CUSTOM|3|809494140002|ANTI POUX ET ACARIENS
CUSTOM|3|809494160001|PANSEMENTS
CUSTOM|3|809494160002|PROTECTEUR CORRECTEUR (PIED)
CUSTOM|3|809494160003|ACCESSOIRES DE SECOURS
CUSTOM|3|809494160004|ALCOOLS / DESINFECTANTS
CUSTOM|3|809494160005|COTON ET DERIVES
CUSTOM|3|809494160006|MOUCHOIRS PAPIER
CUSTOM|3|809494160007|CREMES ET LOTIONS
CUSTOM|3|809494160008|SOINS SPECIFIQUES
CUSTOM|3|809494180001|LAVAGE NEZ / OREILLES / YEUX
CUSTOM|3|809494180002|SOINS DIVERS
CUSTOM|3|809494180003|ANTI RONFLEMENT
CUSTOM|3|809494180004|ACCESSOIRES (BOUCHONS)
CUSTOM|3|809494200001|COUTELLERIE / BROSSERIE
CUSTOM|3|809494200002|LOUPES
CUSTOM|3|809494200003|THERMOMETRE / TENSIOMETRE
CUSTOM|3|809494200004|COLLANTS / CHAUSSURES
CUSTOM|3|809494200005|PETITS ACCESSOIRES
CUSTOM|3|809494200006|COLD HOT, BOUILLOTTES
CUSTOM|3|809494200007|ACCESSOIRES DE BAIN
CUSTOM|3|809494220001|AUTOBRONZANTS
CUSTOM|3|809494220002|PROTECTEURS
CUSTOM|3|809494220003|APRES SOLEIL
CUSTOM|3|809494240001|VISAGE
CUSTOM|3|809494240002|LEVRES
CUSTOM|3|809494240003|CORPS
CUSTOM|3|809494240004|MAINS / ONGLES
CUSTOM|3|809494240005|PIEDS / JAMBES
CUSTOM|3|809494240006|PRODUITS AMINCISSANTS
CUSTOM|3|809494240007|SOINS CIBLES(VERGETURE,TACHE)
CUSTOM|3|809494240008|EAUX THERMALES
CUSTOM|3|809494260001|DEMAQUILLANTS / NETTOYANTS
CUSTOM|3|809494260002|DISSOLVANTS
CUSTOM|3|809494280001|EAU DE TOILETTE HOMME
CUSTOM|3|809494280002|EAU DE TOILETTE FEMME
CUSTOM|3|809494280003|EAU DE TOILETTE ENFANT
CUSTOM|3|809494280004|EAU DE COLOGNE
CUSTOM|3|809494280005|COFFRET ADULTE
CUSTOM|3|809494280006|COFFRET BEBE ENFANT
CUSTOM|3|809494280007|PRODUITS DERIVES
CUSTOM|3|809494300001|MAQUILLAGE DES LEVRES
CUSTOM|3|809494300002|MAQUILLAGE DES YEUX
CUSTOM|3|809494300003|MAQUILLAGE DU VISAGE
CUSTOM|3|809494300004|MAQUILLAGE CORPS ET ONGLES
CUSTOM|3|809494300005|MAQUILLAGE COFFRETS
CUSTOM|3|809494320001|MAQUILLAGE DE JOUR
CUSTOM|3|809494320002|MAQUILLAGE SOIREE / FESTIF
CUSTOM|3|809494320003|MINI SOINS
CUSTOM|3|809494340001|COUCHES
CUSTOM|3|809494340002|LINGETTES
CUSTOM|3|809494340003|TOILETTES DU BEBE
CUSTOM|3|809494340004|GAMME MATERNITE
CUSTOM|3|809494340005|PRODUITS DE SOINS
CUSTOM|3|809494360001|SERVIETTES HYGIENIQUES
CUSTOM|3|809494360002|PROTEGES SLIPS
CUSTOM|3|809494360003|TAMPONS
CUSTOM|3|809494360004|INCONTINANCES
CUSTOM|3|809494360005|SOINS TOILETTE INTIME
CUSTOM|3|809494360006|GEL HYDRATANT INTIME
CUSTOM|3|809494360007|PRESERVATIFS
CUSTOM|3|809494380001|BIBERONS
CUSTOM|3|809494380002|SUCETTES
CUSTOM|3|809494380003|ACCESSOIRES
CUSTOM|3|809494400001|LAIT MATERNISE
CUSTOM|3|809494400002|FARINES
CUSTOM|3|809494400003|JUS DE FRUITS, REPAS
CUSTOM|3|809494420001|COMPRIMES CAPSULES GELULES
CUSTOM|3|809494420002|SOLUTIONS
CUSTOM|3|809494420003|TISANES
CUSTOM|3|809494420004|HUILES ESSENTIELLES
CUSTOM|3|809494420005|FLEURS DE BACH
CUSTOM|3|809494420006|PLANTES EN VRAC
CUSTOM|3|809494440001|ASSAINISSANT ATMOSPHERE
CUSTOM|3|809494440002|ASSAINISSANT EAU
CUSTOM|3|809494460001|ARGILE
CUSTOM|3|809494460002|HUILES / EAUX FLORALES
CUSTOM|3|809494460003|PRODUITS DE LA MER
CUSTOM|3|809494460004|BONBONS PASTILLES
CUSTOM|3|809494480001|MINCEUR
CUSTOM|3|809494480002|PHANERES (CHEVEUX, ONGLES)
CUSTOM|3|809494480003|SOLAIRES
CUSTOM|3|809494480004|VITALITE
CUSTOM|3|809494480005|ANTI-AGE / ANTI-OXIDANT
CUSTOM|3|809494480006|CONFORT CIRCULATION
CUSTOM|3|809494480007|CONFORT ARTICULAIRE
CUSTOM|3|809494480008|CONFORT DIGESTIF
CUSTOM|3|809494480009|BIEN ETRE FEMININ
CUSTOM|3|809494480010|SPHERE ORL
CUSTOM|3|809494480011|CONFORT URINAIRE
CUSTOM|3|809494480012|BIEN ETRE
CUSTOM|3|809494480013|ANTI-STRESS/SOMMEIL
CUSTOM|3|809494480014|COMPLEMENT ALIMENTAIRE PUERI
CUSTOM|3|809494500001|COMPRIMES CAPSULES GELULES
CUSTOM|3|809494500002|BOISSONS
CUSTOM|3|809494500003|PROTEINES
CUSTOM|3|809494500004|TOPIQUES
CUSTOM|3|809494500005|AUTRES
CUSTOM|3|809494520001|SUBSTITUTS PRET A CONSOMMER
CUSTOM|3|809494520002|SUBSTITUTS A PREPARER
CUSTOM|3|809494520003|BARRES
CUSTOM|3|809494520004|BISCUITS
CUSTOM|3|809494520005|AUTRES
CUSTOM|3|809494540001|TENSIOMETRES
CUSTOM|3|809494540002|BALANCES
CUSTOM|3|809494540003|AUTRES APPAREILS DE MESURE
CUSTOM|3|809494560001|ANTI-PARASITAIRES
CUSTOM|3|809494560002|HYGIENE ET SOINS
CUSTOM|3|809494580001|ANTI-PARASITAIRES
CUSTOM|3|809494580002|HYGIENE ET SOINS
CUSTOM|3|809494600001|ANTI-PARASITAIRES
CUSTOM|3|809494600002|HYGIENE ET SOINS
CUSTOM|3|809696000001|BOUQUETS
CUSTOM|3|809696000002|TIGES
CUSTOM|3|809696000003|COMPOSITIONS
CUSTOM|3|809696000004|CEREMONIES
CUSTOM|3|809696020001|PLANTES INTERIEURES
CUSTOM|3|809696020002|PLANTES D EXTERIEURES
CUSTOM|3|809696020003|COUPES GIVREES
CUSTOM|3|809696020004|COMPOSITIONS INTERIEURES
CUSTOM|3|809696020005|COMPOSITIONS EXTERIEURES
CUSTOM|3|809696020006|SAPINS
CUSTOM|3|809696020007|RE PLANTS
CUSTOM|3|809696020008|CHRYSANTHEMES
CUSTOM|3|809696040001|FLEURS ARTIFICIELLES
CUSTOM|3|809696060001|CONTENANT VASE VERRERIE
CUSTOM|3|809696060002|PLAQUES
CUSTOM|3|809696060003|AUTRES
CUSTOM|3|999999999999|POUBELLE
